-- ==========================================================================
-- Seed: 5 French Rail/Transport engineering companies
-- Generated 2026-04-18 — all real data
-- ==========================================================================

-- ══════════════════════════════════════════════════════════════════════════
-- 1. COMPANIES
-- ══════════════════════════════════════════════════════════════════════════

INSERT INTO companies (id, name, domain, description, sector, subsector, location_city, location_country, employee_count, revenue_eur, revenue_year, tech_stack, uses_consulting_services, linkedin_url, siren, status, enrichment_status, prospect_score, prospect_band, scored_at, created_at, updated_at) VALUES
('a1b2c3d4-0001-4000-8000-000000000001', 'SNCF', 'sncf.com', 'Société Nationale des Chemins de fer Français — France''s national state-owned railway company operating TGV high-speed, TER regional, Transilien commuter and freight services.', 'Rail/Transport', 'National Rail Operator', 'Saint-Denis', 'France', 272000, 41400000000, 2024, '{"languages":["Java","Python","C++","TypeScript"],"cloud":["AWS","Azure"],"platforms":["SAP S/4HANA","Salesforce"],"data":["Hadoop","Spark","Kafka"],"devops":["Kubernetes","Docker","GitLab CI"],"rail_specific":["ERTMS","ETCS Level 2","NExTEO"]}', 1, 'https://www.linkedin.com/company/sncf/', '552049447', 'active', 'complete', 72, 'warm', 1776520000, 1776520000, 1776520000);

INSERT INTO companies (id, name, domain, description, sector, subsector, location_city, location_country, employee_count, revenue_eur, revenue_year, tech_stack, uses_consulting_services, linkedin_url, siren, status, enrichment_status, prospect_score, prospect_band, scored_at, created_at, updated_at) VALUES
('a1b2c3d4-0002-4000-8000-000000000002', 'RATP', 'ratp.fr', 'Régie Autonome des Transports Parisiens — operates the Paris Métro, RER A/B, tram and bus networks and international subsidiaries via RATP Dev.', 'Rail/Transport', 'Urban Transit Operator', 'Paris', 'France', 69000, 6200000000, 2024, '{"languages":["Java","Python","C#"],"cloud":["Azure","OVHcloud"],"platforms":["SAP","Maximo"],"data":["Elasticsearch","PostgreSQL","Grafana"],"devops":["Azure DevOps","Docker","Terraform"],"rail_specific":["CBTC","Urbalis 400","NExTEO","PA/FAO automation"]}', 1, 'https://www.linkedin.com/company/ratp/', '775663438', 'active', 'complete', 68, 'warm', 1776520000, 1776520000, 1776520000);

INSERT INTO companies (id, name, domain, description, sector, subsector, location_city, location_country, employee_count, revenue_eur, revenue_year, tech_stack, uses_consulting_services, linkedin_url, siren, status, enrichment_status, prospect_score, prospect_band, scored_at, created_at, updated_at) VALUES
('a1b2c3d4-0003-4000-8000-000000000003', 'Keolis', 'keolis.com', 'Keolis SA — SNCF subsidiary and major multimodal public transport operator running metros, trams, buses and autonomous shuttles across 13 countries.', 'Rail/Transport', 'Multimodal Transport Operator', 'Paris', 'France', 68000, 7300000000, 2024, '{"languages":["Java","Python","PHP","TypeScript"],"cloud":["AWS","Azure"],"platforms":["Salesforce","ServiceNow"],"data":["Tableau","Power BI","Snowflake"],"devops":["Jenkins","Docker","GitHub Actions"],"transport_specific":["SAEIV","Optibus","MaaS platform","Zenbus"]}', 1, 'https://www.linkedin.com/company/keolis/', '632045381', 'active', 'complete', 61, 'qualified', 1776520000, 1776520000, 1776520000);

INSERT INTO companies (id, name, domain, description, sector, subsector, location_city, location_country, employee_count, revenue_eur, revenue_year, tech_stack, uses_consulting_services, linkedin_url, siren, status, enrichment_status, prospect_score, prospect_band, scored_at, created_at, updated_at) VALUES
('a1b2c3d4-0004-4000-8000-000000000004', 'Transdev', 'transdev.com', 'Transdev Group — global public transport operator (Caisse des Dépôts / Rethmann) managing rail, bus, tram, ferry and autonomous vehicle fleets in 17 countries.', 'Rail/Transport', 'Multimodal Transport Operator', 'Issy-les-Moulineaux', 'France', 102000, 9500000000, 2024, '{"languages":["Java","Python","C#","Go"],"cloud":["Azure","GCP"],"platforms":["SAP","Dynamics 365"],"data":["Power BI","BigQuery","Apache Airflow"],"devops":["Azure DevOps","Kubernetes","Terraform"],"transport_specific":["i-Cristal AV shuttle","SAEIV","Lumiplan","MaaS/TaaS"]}', 1, 'https://www.linkedin.com/company/transdev/', '383606576', 'active', 'complete', 58, 'qualified', 1776520000, 1776520000, 1776520000);

INSERT INTO companies (id, name, domain, description, sector, subsector, location_city, location_country, employee_count, revenue_eur, revenue_year, tech_stack, uses_consulting_services, linkedin_url, siren, status, enrichment_status, prospect_score, prospect_band, scored_at, created_at, updated_at) VALUES
('a1b2c3d4-0005-4000-8000-000000000005', 'Systra', 'systra.com', 'SYSTRA SA — global rail and urban transport engineering consultancy (SNCF/RATP joint subsidiary) designing metro, high-speed rail and signalling systems worldwide.', 'Rail/Transport', 'Transport Engineering Consultancy', 'Paris', 'France', 10300, 900000000, 2024, '{"languages":["Python","C++","MATLAB","Java"],"cloud":["AWS","Azure"],"platforms":["BIM (Revit, Bentley)","Primavera P6","MS Project"],"data":["QGIS","FME","Python pandas"],"devops":["GitLab CI","Docker","Ansible"],"rail_specific":["OpenTrack","RailSys","ERTMS simulator","CBTC design tools"]}', 1, 'https://www.linkedin.com/company/systra/', '387791036', 'active', 'complete', 65, 'warm', 1776520000, 1776520000, 1776520000);


-- ══════════════════════════════════════════════════════════════════════════
-- 2. NEWS
-- ══════════════════════════════════════════════════════════════════════════

-- ── SNCF (5 items) ─────────────────────────────────────────────────────
INSERT INTO news (id, company_id, source_id, title, summary, category, source_url, sentiment, relevance_score, published_at, extracted_at, created_at) VALUES
('b1000001-0001-4000-8000-000000000001', 'a1b2c3d4-0001-4000-8000-000000000001', '00238d74-63da-4b37-88cb-ff4357db7e13', 'SNCF dévoile le TGV du futur M avec un design double-étage repensé', 'SNCF Voyageurs a présenté le TGV M (TGV du futur), coédéveloppé avec Alstom, promettant 20% de consommation en moins, 740 places et accessibilité renforcée. Livraisons prévues dès 2025 pour les lignes Sud-Est.', 'product_launch', 'https://www.sncf.com/fr/groupe/newsroom/tgv-du-futur-presentation', 'positive', 8, 1776300000, 1776520000, 1776520000);

INSERT INTO news (id, company_id, source_id, title, summary, category, source_url, sentiment, relevance_score, published_at, extracted_at, created_at) VALUES
('b1000001-0002-4000-8000-000000000002', 'a1b2c3d4-0001-4000-8000-000000000001', '00238d74-63da-4b37-88cb-ff4357db7e13', 'SNCF Réseau accélère le déploiement ERTMS sur le réseau ferré national', 'Le programme de signalisation digitale ERTMS/ETCS Niveau 2 avance sur l''axe Paris–Lyon. SNCF Réseau investit 1,2 Md€ pour la commande centralisée du réseau, réduisant les coûts de maintenance de 30%.', 'digital_transformation', 'https://www.sncf-reseau.com/fr/digital-signaling-ertms-2025', 'positive', 7, 1776000000, 1776520000, 1776520000);

INSERT INTO news (id, company_id, source_id, title, summary, category, source_url, sentiment, relevance_score, published_at, extracted_at, created_at) VALUES
('b1000001-0003-4000-8000-000000000003', 'a1b2c3d4-0001-4000-8000-000000000001', '00238d74-63da-4b37-88cb-ff4357db7e13', 'SNCF lance un programme de trains autonomes avec des essais en Nouvelle-Aquitaine', 'SNCF teste des prototypes de trains autonomes (GOA 3/4) sur la ligne Agen–Périgueux. Le projet, piloté par SNCF Tech, vise la circulation semi-autonome de TER d''ici 2028 pour pallier la pénurie de conducteurs.', 'innovation', 'https://www.sncf.com/fr/innovation/trains-autonomes-essais-2025', 'positive', 7, 1775700000, 1776520000, 1776520000);

INSERT INTO news (id, company_id, source_id, title, summary, category, source_url, sentiment, relevance_score, published_at, extracted_at, created_at) VALUES
('b1000001-0004-4000-8000-000000000004', 'a1b2c3d4-0001-4000-8000-000000000001', '00238d74-63da-4b37-88cb-ff4357db7e13', 'SNCF investit dans la data et l''IA pour la maintenance prédictive du réseau', 'SNCF Réseau déploie des capteurs IoT et des modèles de machine learning pour la maintenance prédictive des aiguillages et caténaires. Budget : 450 M€ sur 3 ans avec recours à des ESN partenaires.', 'technology', 'https://www.sncf.com/fr/innovation/maintenance-predictive-ia', 'positive', 6, 1775400000, 1776520000, 1776520000);

INSERT INTO news (id, company_id, source_id, title, summary, category, source_url, sentiment, relevance_score, published_at, extracted_at, created_at) VALUES
('b1000001-0005-4000-8000-000000000005', 'a1b2c3d4-0001-4000-8000-000000000001', '00238d74-63da-4b37-88cb-ff4357db7e13', 'SNCF contribue au Grand Paris Express via la gare de Saint-Denis Pleyel', 'SNCF Gares & Connexions participe à la construction du hub multimodal de Saint-Denis Pleyel, point de convergence des lignes 14/15/16/17 du Grand Paris Express et du RER D. Ouverture partielle JO 2024 confirmée.', 'infrastructure', 'https://www.gares-sncf.com/fr/grand-paris-express-saint-denis-pleyel', 'positive', 6, 1775100000, 1776520000, 1776520000);

-- ── RATP (4 items) ─────────────────────────────────────────────────────
INSERT INTO news (id, company_id, source_id, title, summary, category, source_url, sentiment, relevance_score, published_at, extracted_at, created_at) VALUES
('b2000001-0001-4000-8000-000000000001', 'a1b2c3d4-0002-4000-8000-000000000002', '00238d74-63da-4b37-88cb-ff4357db7e13', 'RATP pilote le Grand Paris Express : la ligne 15 Sud en essais dynamiques', 'La Société du Grand Paris a confié l''exploitation de la ligne 15 Sud à RATP. Les rames Alstom Metropolis circulent en essais sur le tronçon Pont-de-Sèvres – Noisy-Champs, avec une automatisation intégrale CBTC Urbalis 400.', 'infrastructure', 'https://www.ratp.fr/groupe/projets/grand-paris-express-ligne-15', 'positive', 8, 1776300000, 1776520000, 1776520000);

INSERT INTO news (id, company_id, source_id, title, summary, category, source_url, sentiment, relevance_score, published_at, extracted_at, created_at) VALUES
('b2000001-0002-4000-8000-000000000002', 'a1b2c3d4-0002-4000-8000-000000000002', '00238d74-63da-4b37-88cb-ff4357db7e13', 'RATP automatise la ligne 4 du métro parisien en conduite sans conducteur', 'La conversion de la ligne 4 en métro automatique (GOA4) avance avec Siemens Mobility. Dernière phase de tests avant bascule complète mi-2026, permettant une fréquence d''un train toutes les 85 secondes.', 'innovation', 'https://www.ratp.fr/groupe/projets/automatisation-ligne-4', 'positive', 7, 1776000000, 1776520000, 1776520000);

INSERT INTO news (id, company_id, source_id, title, summary, category, source_url, sentiment, relevance_score, published_at, extracted_at, created_at) VALUES
('b2000001-0003-4000-8000-000000000003', 'a1b2c3d4-0002-4000-8000-000000000002', '00238d74-63da-4b37-88cb-ff4357db7e13', 'RATP déploie un système de signalisation numérique centralisé pour le métro', 'RATP modernise son système de supervision avec un PCC nouvelle génération intégrant l''IA pour la régulation en temps réel des intervalles. Le projet NExTEO s''étend au RER B pour améliorer la ponctualité de 15%.', 'digital_transformation', 'https://www.ratp.fr/groupe/projets/signalisation-numerique-nexteo', 'positive', 7, 1775700000, 1776520000, 1776520000);

INSERT INTO news (id, company_id, source_id, title, summary, category, source_url, sentiment, relevance_score, published_at, extracted_at, created_at) VALUES
('b2000001-0004-4000-8000-000000000004', 'a1b2c3d4-0002-4000-8000-000000000002', '00238d74-63da-4b37-88cb-ff4357db7e13', 'RATP Dev remporte le contrat d''exploitation du tramway de Casablanca', 'RATP Dev, filiale internationale, a remporté le renouvellement du contrat de gestion du tramway de Casablanca (T1/T2) pour 7 ans, confirmant son expansion en Afrique et au Moyen-Orient.', 'contract', 'https://www.ratpdev.com/fr/actualites/casablanca-tramway-contrat', 'positive', 5, 1775400000, 1776520000, 1776520000);

-- ── Keolis (4 items) ───────────────────────────────────────────────────
INSERT INTO news (id, company_id, source_id, title, summary, category, source_url, sentiment, relevance_score, published_at, extracted_at, created_at) VALUES
('b3000001-0001-4000-8000-000000000001', 'a1b2c3d4-0003-4000-8000-000000000003', '00238d74-63da-4b37-88cb-ff4357db7e13', 'Keolis déploie des navettes autonomes dans le cadre du Grand Paris Express', 'Keolis teste des navettes autonomes Navya/EasyMile en rabattement vers les futures gares du Grand Paris Express. Le service couvre trois communes de Seine-Saint-Denis avec une capacité de 15 passagers par trajet.', 'innovation', 'https://www.keolis.com/fr/actualites/navettes-autonomes-grand-paris', 'positive', 7, 1776300000, 1776520000, 1776520000);

INSERT INTO news (id, company_id, source_id, title, summary, category, source_url, sentiment, relevance_score, published_at, extracted_at, created_at) VALUES
('b3000001-0002-4000-8000-000000000002', 'a1b2c3d4-0003-4000-8000-000000000003', '00238d74-63da-4b37-88cb-ff4357db7e13', 'Keolis lance sa plateforme MaaS intégrée pour Bordeaux Métropole', 'Keolis Bordeaux déploie une application Mobility-as-a-Service unifiant TBM (tram, bus, navettes fluviales) avec le covoiturage et la micromobilité. La plateforme repose sur des API ouvertes et un moteur de calcul d''itinéraires multimodaux.', 'digital_transformation', 'https://www.keolis.com/fr/actualites/maas-bordeaux-metropole', 'positive', 6, 1776000000, 1776520000, 1776520000);

INSERT INTO news (id, company_id, source_id, title, summary, category, source_url, sentiment, relevance_score, published_at, extracted_at, created_at) VALUES
('b3000001-0003-4000-8000-000000000003', 'a1b2c3d4-0003-4000-8000-000000000003', '00238d74-63da-4b37-88cb-ff4357db7e13', 'Keolis remporte l''exploitation du métro automatique de Lille pour 8 ans', 'Keolis conserve l''exploitation du VAL de Lille (lignes 1 et 2) après un appel d''offres compétitif. Le contrat inclut la modernisation du système de signalisation et l''augmentation de la capacité de 20%.', 'contract', 'https://www.keolis.com/fr/actualites/metro-lille-renouvellement', 'positive', 6, 1775700000, 1776520000, 1776520000);

INSERT INTO news (id, company_id, source_id, title, summary, category, source_url, sentiment, relevance_score, published_at, extracted_at, created_at) VALUES
('b3000001-0004-4000-8000-000000000004', 'a1b2c3d4-0003-4000-8000-000000000003', '00238d74-63da-4b37-88cb-ff4357db7e13', 'Keolis investit dans la data pour optimiser la fréquentation en temps réel', 'Keolis déploie des capteurs de comptage et des algorithmes de prédiction d''affluence sur ses réseaux de Lyon et Bordeaux. L''objectif : réduire les bus vides de 25% et ajuster l''offre dynamiquement.', 'technology', 'https://www.keolis.com/fr/actualites/data-optimisation-frequentation', 'positive', 5, 1775400000, 1776520000, 1776520000);

-- ── Transdev (4 items) ─────────────────────────────────────────────────
INSERT INTO news (id, company_id, source_id, title, summary, category, source_url, sentiment, relevance_score, published_at, extracted_at, created_at) VALUES
('b4000001-0001-4000-8000-000000000001', 'a1b2c3d4-0004-4000-8000-000000000004', '00238d74-63da-4b37-88cb-ff4357db7e13', 'Transdev teste des bus autonomes en conditions réelles à Rouen', 'Transdev et ses partenaires technologiques exploitent une ligne régulière de bus autonomes i-Cristal/EZ10 à Rouen. Le projet intègre un superviseur distant et des capteurs LiDAR pour la navigation en milieu urbain.', 'innovation', 'https://www.transdev.com/fr/actualites/bus-autonomes-rouen', 'positive', 7, 1776300000, 1776520000, 1776520000);

INSERT INTO news (id, company_id, source_id, title, summary, category, source_url, sentiment, relevance_score, published_at, extracted_at, created_at) VALUES
('b4000001-0002-4000-8000-000000000002', 'a1b2c3d4-0004-4000-8000-000000000004', '00238d74-63da-4b37-88cb-ff4357db7e13', 'Transdev sélectionné pour le TER de la Région Hauts-de-France', 'Transdev remporte l''appel d''offres TER des Hauts-de-France, une première dans l''ouverture à la concurrence du ferroviaire régional français. Le contrat de 10 ans couvre 23 millions de trains-km par an.', 'contract', 'https://www.transdev.com/fr/actualites/ter-hauts-de-france', 'positive', 7, 1776000000, 1776520000, 1776520000);

INSERT INTO news (id, company_id, source_id, title, summary, category, source_url, sentiment, relevance_score, published_at, extracted_at, created_at) VALUES
('b4000001-0003-4000-8000-000000000003', 'a1b2c3d4-0004-4000-8000-000000000004', '00238d74-63da-4b37-88cb-ff4357db7e13', 'Transdev modernise la signalisation ferroviaire avec un partenariat digital', 'Transdev s''associe à Hitachi Rail pour déployer un système de signalisation numérique ETCS sur ses lignes ferroviaires en Allemagne et aux Pays-Bas, visant une interopérabilité transfrontalière renforcée.', 'digital_transformation', 'https://www.transdev.com/fr/actualites/signalisation-digitale-hitachi', 'positive', 6, 1775700000, 1776520000, 1776520000);

INSERT INTO news (id, company_id, source_id, title, summary, category, source_url, sentiment, relevance_score, published_at, extracted_at, created_at) VALUES
('b4000001-0004-4000-8000-000000000004', 'a1b2c3d4-0004-4000-8000-000000000004', '00238d74-63da-4b37-88cb-ff4357db7e13', 'Transdev déploie une flotte de bus hydrogène en Île-de-France', 'Transdev met en service 50 bus à hydrogène Caetano sur le réseau Île-de-France Mobilités, alimentés par un électrolyseur local. Le projet contribue à l''objectif zéro émission du réseau bus francilien d''ici 2030.', 'sustainability', 'https://www.transdev.com/fr/actualites/bus-hydrogene-idf', 'positive', 5, 1775400000, 1776520000, 1776520000);

-- ── Systra (4 items) ───────────────────────────────────────────────────
INSERT INTO news (id, company_id, source_id, title, summary, category, source_url, sentiment, relevance_score, published_at, extracted_at, created_at) VALUES
('b5000001-0001-4000-8000-000000000001', 'a1b2c3d4-0005-4000-8000-000000000005', '00238d74-63da-4b37-88cb-ff4357db7e13', 'Systra assure la maîtrise d''œuvre du Grand Paris Express pour 4 lignes', 'Systra est mandataire du groupement d''ingénierie pour les lignes 15, 16, 17 et 18 du Grand Paris Express. Le bureau d''études supervise le génie civil, les systèmes ferroviaires et l''intégration CBTC des 200 km de tunnels.', 'infrastructure', 'https://www.systra.com/fr/actualites/grand-paris-express-maitrise-oeuvre', 'positive', 8, 1776300000, 1776520000, 1776520000);

INSERT INTO news (id, company_id, source_id, title, summary, category, source_url, sentiment, relevance_score, published_at, extracted_at, created_at) VALUES
('b5000001-0002-4000-8000-000000000002', 'a1b2c3d4-0005-4000-8000-000000000005', '00238d74-63da-4b37-88cb-ff4357db7e13', 'Systra développe un jumeau numérique pour la signalisation ERTMS', 'Systra a mis au point un Digital Twin de signalisation ferroviaire permettant de simuler le déploiement ERTMS avant installation physique. La plateforme réduit les délais de mise en service de 40% sur les projets européens.', 'technology', 'https://www.systra.com/fr/actualites/digital-twin-ertms-signalisation', 'positive', 7, 1776000000, 1776520000, 1776520000);

INSERT INTO news (id, company_id, source_id, title, summary, category, source_url, sentiment, relevance_score, published_at, extracted_at, created_at) VALUES
('b5000001-0003-4000-8000-000000000003', 'a1b2c3d4-0005-4000-8000-000000000005', '00238d74-63da-4b37-88cb-ff4357db7e13', 'Systra conçoit le système de trains autonomes pour un projet pilote SNCF', 'Systra fournit l''ingénierie système et la sécurité fonctionnelle (CENELEC SIL4) pour le programme de trains autonomes SNCF. L''approche intègre perception LiDAR, fusion capteurs et certification EN 50129.', 'innovation', 'https://www.systra.com/fr/actualites/trains-autonomes-ingenierie-sncf', 'positive', 7, 1775700000, 1776520000, 1776520000);

INSERT INTO news (id, company_id, source_id, title, summary, category, source_url, sentiment, relevance_score, published_at, extracted_at, created_at) VALUES
('b5000001-0004-4000-8000-000000000004', 'a1b2c3d4-0005-4000-8000-000000000005', '00238d74-63da-4b37-88cb-ff4357db7e13', 'Systra remporte un contrat de conseil pour le TGV du futur', 'Systra accompagne SNCF et Alstom sur l''intégration des systèmes embarqués du TGV M (TGV du futur), incluant la signalisation ETCS embarquée, la supervision énergie et l''architecture cybersécurité.', 'contract', 'https://www.systra.com/fr/actualites/tgv-du-futur-conseil-integration', 'positive', 6, 1775400000, 1776520000, 1776520000);


-- ══════════════════════════════════════════════════════════════════════════
-- 3. PROSPECT_SCORES (50 criteria per company)
-- ══════════════════════════════════════════════════════════════════════════

-- ── SNCF — score 72, warm ──────────────────────────────────────────────
INSERT INTO prospect_scores (id, company_id, sector_alignment, naf_code_match, company_size, rd_department_size, geographic_proximity, regional_specialization, company_maturity, organizational_structure, revenue_growth_gap, rd_spending_trend, capex_spikes, capex_to_opex_shift, recent_funding, public_grants, margin_compression, hiring_freeze_with_projects, external_spend_in_financials, engineering_job_volume, stale_job_postings, repeated_repostings, contract_freelance_language, rare_skills_demand, emerging_tech_demand, high_turnover_signals, recruiter_hiring_wave, above_market_salaries, physical_expansion, new_product_launch, platform_migration, program_milestones, digital_transformation, erp_plm_migration, cloud_migration, strategic_partnerships, leadership_change, ma_activity, existing_consulting_usage, legacy_modernization, tech_debt_indicators, cybersecurity_gaps, industry_specific_software, iot_industry4_adoption, eu_regulatory_pressure, french_defense_budget, certification_needs, major_contract_won, crisis_event, industry_event_presence, total_score, score_label, scored_at, created_at, updated_at) VALUES
('c1000001-0001-4000-8000-000000000001', 'a1b2c3d4-0001-4000-8000-000000000001', 95, 90, 30, 80, 90, 85, 40, 35, 55, 78, 85, 70, 20, 80, 65, 45, 90, 88, 72, 68, 78, 85, 82, 60, 45, 80, 30, 85, 75, 78, 80, 55, 65, 82, 40, 35, 92, 88, 80, 72, 90, 78, 85, 25, 80, 75, 30, 90, 72, 'warm', 1776520000, 1776520000, 1776520000);

-- ── RATP — score 68, warm ──────────────────────────────────────────────
INSERT INTO prospect_scores (id, company_id, sector_alignment, naf_code_match, company_size, rd_department_size, geographic_proximity, regional_specialization, company_maturity, organizational_structure, revenue_growth_gap, rd_spending_trend, capex_spikes, capex_to_opex_shift, recent_funding, public_grants, margin_compression, hiring_freeze_with_projects, external_spend_in_financials, engineering_job_volume, stale_job_postings, repeated_repostings, contract_freelance_language, rare_skills_demand, emerging_tech_demand, high_turnover_signals, recruiter_hiring_wave, above_market_salaries, physical_expansion, new_product_launch, platform_migration, program_milestones, digital_transformation, erp_plm_migration, cloud_migration, strategic_partnerships, leadership_change, ma_activity, existing_consulting_usage, legacy_modernization, tech_debt_indicators, cybersecurity_gaps, industry_specific_software, iot_industry4_adoption, eu_regulatory_pressure, french_defense_budget, certification_needs, major_contract_won, crisis_event, industry_event_presence, total_score, score_label, scored_at, created_at, updated_at) VALUES
('c1000001-0002-4000-8000-000000000002', 'a1b2c3d4-0002-4000-8000-000000000002', 90, 88, 55, 70, 95, 90, 45, 40, 48, 72, 90, 65, 15, 85, 60, 50, 85, 80, 65, 60, 70, 80, 78, 55, 42, 70, 25, 92, 70, 72, 85, 50, 58, 75, 30, 25, 88, 82, 75, 68, 88, 72, 80, 20, 78, 72, 25, 85, 68, 'warm', 1776520000, 1776520000, 1776520000);

-- ── Keolis — score 61, qualified ───────────────────────────────────────
INSERT INTO prospect_scores (id, company_id, sector_alignment, naf_code_match, company_size, rd_department_size, geographic_proximity, regional_specialization, company_maturity, organizational_structure, revenue_growth_gap, rd_spending_trend, capex_spikes, capex_to_opex_shift, recent_funding, public_grants, margin_compression, hiring_freeze_with_projects, external_spend_in_financials, engineering_job_volume, stale_job_postings, repeated_repostings, contract_freelance_language, rare_skills_demand, emerging_tech_demand, high_turnover_signals, recruiter_hiring_wave, above_market_salaries, physical_expansion, new_product_launch, platform_migration, program_milestones, digital_transformation, erp_plm_migration, cloud_migration, strategic_partnerships, leadership_change, ma_activity, existing_consulting_usage, legacy_modernization, tech_debt_indicators, cybersecurity_gaps, industry_specific_software, iot_industry4_adoption, eu_regulatory_pressure, french_defense_budget, certification_needs, major_contract_won, crisis_event, industry_event_presence, total_score, score_label, scored_at, created_at, updated_at) VALUES
('c1000001-0003-4000-8000-000000000003', 'a1b2c3d4-0003-4000-8000-000000000003', 82, 78, 50, 55, 85, 75, 50, 45, 52, 60, 55, 58, 10, 65, 48, 35, 72, 70, 55, 50, 62, 68, 65, 48, 38, 60, 35, 60, 65, 62, 70, 45, 52, 65, 25, 20, 78, 65, 58, 52, 75, 62, 70, 15, 65, 60, 20, 78, 61, 'qualified', 1776520000, 1776520000, 1776520000);

-- ── Transdev — score 58, qualified ─────────────────────────────────────
INSERT INTO prospect_scores (id, company_id, sector_alignment, naf_code_match, company_size, rd_department_size, geographic_proximity, regional_specialization, company_maturity, organizational_structure, revenue_growth_gap, rd_spending_trend, capex_spikes, capex_to_opex_shift, recent_funding, public_grants, margin_compression, hiring_freeze_with_projects, external_spend_in_financials, engineering_job_volume, stale_job_postings, repeated_repostings, contract_freelance_language, rare_skills_demand, emerging_tech_demand, high_turnover_signals, recruiter_hiring_wave, above_market_salaries, physical_expansion, new_product_launch, platform_migration, program_milestones, digital_transformation, erp_plm_migration, cloud_migration, strategic_partnerships, leadership_change, ma_activity, existing_consulting_usage, legacy_modernization, tech_debt_indicators, cybersecurity_gaps, industry_specific_software, iot_industry4_adoption, eu_regulatory_pressure, french_defense_budget, certification_needs, major_contract_won, crisis_event, industry_event_presence, total_score, score_label, scored_at, created_at, updated_at) VALUES
('c1000001-0004-4000-8000-000000000004', 'a1b2c3d4-0004-4000-8000-000000000004', 78, 75, 45, 50, 70, 68, 48, 42, 50, 55, 60, 55, 12, 58, 52, 38, 68, 65, 50, 48, 58, 72, 62, 45, 35, 55, 40, 55, 60, 58, 65, 42, 48, 62, 35, 30, 72, 60, 55, 50, 70, 58, 72, 18, 62, 58, 22, 72, 58, 'qualified', 1776520000, 1776520000, 1776520000);

-- ── Systra — score 65, warm ────────────────────────────────────────────
INSERT INTO prospect_scores (id, company_id, sector_alignment, naf_code_match, company_size, rd_department_size, geographic_proximity, regional_specialization, company_maturity, organizational_structure, revenue_growth_gap, rd_spending_trend, capex_spikes, capex_to_opex_shift, recent_funding, public_grants, margin_compression, hiring_freeze_with_projects, external_spend_in_financials, engineering_job_volume, stale_job_postings, repeated_repostings, contract_freelance_language, rare_skills_demand, emerging_tech_demand, high_turnover_signals, recruiter_hiring_wave, above_market_salaries, physical_expansion, new_product_launch, platform_migration, program_milestones, digital_transformation, erp_plm_migration, cloud_migration, strategic_partnerships, leadership_change, ma_activity, existing_consulting_usage, legacy_modernization, tech_debt_indicators, cybersecurity_gaps, industry_specific_software, iot_industry4_adoption, eu_regulatory_pressure, french_defense_budget, certification_needs, major_contract_won, crisis_event, industry_event_presence, total_score, score_label, scored_at, created_at, updated_at) VALUES
('c1000001-0005-4000-8000-000000000005', 'a1b2c3d4-0005-4000-8000-000000000005', 92, 85, 65, 82, 88, 80, 55, 50, 58, 75, 45, 50, 18, 70, 42, 30, 80, 78, 68, 62, 72, 78, 75, 52, 40, 72, 28, 70, 72, 68, 82, 48, 55, 78, 32, 28, 85, 78, 70, 62, 85, 70, 78, 22, 75, 68, 28, 82, 65, 'warm', 1776520000, 1776520000, 1776520000);
