-- ============================================================
-- SEED: 10 French Cybersecurity Companies
-- ============================================================

-- ============================================================
-- 1. COMPANIES
-- ============================================================

-- Thales Cyber Solutions
INSERT INTO companies (id, name, domain, description, sector, subsector, location_city, location_country, employee_count, revenue_eur, revenue_year, tech_stack, uses_consulting_services, linkedin_url, siren, status, enrichment_status, last_enriched_at, created_at, updated_at, prospect_score, prospect_band, scored_at)
VALUES ('d1a2b3c4-0001-4000-a000-c1be50000001', 'Thales Cyber Solutions', 'thalesgroup.com', 'Division of Thales Group specializing in cybersecurity for defense, aerospace and critical infrastructure. Offers sovereign encryption, identity management and secure communications for government and enterprise clients across Europe.', 'Cybersecurity', 'Defense Cybersecurity', 'Gennevilliers', 'France', 81000, 18400000000, 2024, '["HSM/Luna","CipherTrust","Vormetric","IAM","PKI","SIEM","Zero Trust Architecture","Python","Java","C++","Kubernetes","AWS GovCloud","Azure Government"]', 1, 'https://www.linkedin.com/company/thaboralesgroup/', '552059024', 'active', 'enriched', 1776520000, 1776520000, 1776520000, 78, 'qualified', 1776520000);

-- Airbus CyberSecurity
INSERT INTO companies (id, name, domain, description, sector, subsector, location_city, location_country, employee_count, revenue_eur, revenue_year, tech_stack, uses_consulting_services, linkedin_url, siren, status, enrichment_status, last_enriched_at, created_at, updated_at, prospect_score, prospect_band, scored_at)
VALUES ('d1a2b3c4-0002-4000-a000-c1be50000002', 'Airbus CyberSecurity', 'airbus-cyber-security.com', 'Cybersecurity division of Airbus Defence and Space. Provides SOC services, threat intelligence, incident response and secure communications for government, defense and critical national infrastructure operators.', 'Cybersecurity', 'Defense Cybersecurity', 'Elancourt', 'France', 1500, 850000000, 2024, '["Orion Malware Lab","KEELBACK NET","CyberRange","SIEM/Splunk","EDR","Threat Intelligence Platform","Python","Go","ELK Stack","Kafka","Docker","OpenShift"]', 1, 'https://www.linkedin.com/company/airbus-cybersecurity/', '383474814', 'active', 'enriched', 1776520000, 1776520000, 1776520000, 74, 'qualified', 1776520000);

-- Orange Cyberdefense
INSERT INTO companies (id, name, domain, description, sector, subsector, location_city, location_country, employee_count, revenue_eur, revenue_year, tech_stack, uses_consulting_services, linkedin_url, siren, status, enrichment_status, last_enriched_at, created_at, updated_at, prospect_score, prospect_band, scored_at)
VALUES ('d1a2b3c4-0003-4000-a000-c1be50000003', 'Orange Cyberdefense', 'orangecyberdefense.com', 'European leader in managed security services and subsidiary of Orange Group. Operates 18 SOCs and 14 CyberSOCs globally, providing threat detection, incident response, consulting and NIS2 compliance services.', 'Cybersecurity', 'Managed Security Services', 'Nanterre', 'France', 3000, 1100000000, 2024, '["Managed SIEM","XDR","SOAR","Micro-SOC","Threat Intelligence","Ethical Hacking","Splunk","QRadar","Sentinel","Python","Go","Elasticsearch","Kubernetes"]', 1, 'https://www.linkedin.com/company/orange-cyberdefense/', '512664194', 'active', 'enriched', 1776520000, 1776520000, 1776520000, 76, 'qualified', 1776520000);

-- Atos Eviden (cybersecurity)
INSERT INTO companies (id, name, domain, description, sector, subsector, location_city, location_country, employee_count, revenue_eur, revenue_year, tech_stack, uses_consulting_services, linkedin_url, siren, status, enrichment_status, last_enriched_at, created_at, updated_at, prospect_score, prospect_band, scored_at)
VALUES ('d1a2b3c4-0004-4000-a000-c1be50000004', 'Atos Eviden', 'eviden.com', 'Digital and cybersecurity business line of Atos Group. Provides sovereign cybersecurity solutions, digital identity, managed detection and response, and quantum-safe cryptography for defense and critical sectors.', 'Cybersecurity', 'Sovereign Cybersecurity', 'Bezons', 'France', 57000, 5300000000, 2024, '["Evidian IAM","IDnomic PKI","Trustway HSM","BullSequana","AIsaac MDR","SIEM","Zero Trust","Quantum-Safe Crypto","Python","Java","C++","Kubernetes","OpenShift"]', 1, 'https://www.linkedin.com/company/eviden/', '323623603', 'active', 'enriched', 1776520000, 1776520000, 1776520000, 72, 'qualified', 1776520000);

-- CS Group Cyber
INSERT INTO companies (id, name, domain, description, sector, subsector, location_city, location_country, employee_count, revenue_eur, revenue_year, tech_stack, uses_consulting_services, linkedin_url, siren, status, enrichment_status, last_enriched_at, created_at, updated_at, prospect_score, prospect_band, scored_at)
VALUES ('d1a2b3c4-0005-4000-a000-c1be50000005', 'CS Group Cyber', 'csgroup.eu', 'French defense and cybersecurity systems integrator. Delivers mission-critical cybersecurity for aerospace, defense and government, including SCADA security, secure satellite communications and military-grade encryption.', 'Cybersecurity', 'Defense Systems Integration', 'Toulouse', 'France', 2200, 450000000, 2024, '["SCADA Security","ICS/OT Protection","Prelude SIEM","Satellite Encryption","TEMPEST","Python","Ada","C","Rust","Docker","GitLab CI","Ansible"]', 1, 'https://www.linkedin.com/company/cs-group-/', '692014934', 'active', 'enriched', 1776520000, 1776520000, 1776520000, 68, 'warm', 1776520000);

-- Wallix
INSERT INTO companies (id, name, domain, description, sector, subsector, location_city, location_country, employee_count, revenue_eur, revenue_year, tech_stack, uses_consulting_services, linkedin_url, siren, status, enrichment_status, last_enriched_at, created_at, updated_at, prospect_score, prospect_band, scored_at)
VALUES ('d1a2b3c4-0006-4000-a000-c1be50000006', 'Wallix', 'wallix.com', 'European leader in Privileged Access Management (PAM) listed on Euronext. Provides PAM, identity governance, access management and OT security solutions for enterprise and critical infrastructure operators.', 'Cybersecurity', 'Identity & Access Management', 'Paris', 'France', 350, 35000000, 2024, '["WALLIX Bastion PAM","WALLIX Trustelem","WALLIX BestSafe","OT.security","PEDM","Session Management","Python","Go","React","PostgreSQL","Docker","Kubernetes","Azure"]', 0, 'https://www.linkedin.com/company/wallix/', '428753149', 'active', 'enriched', 1776520000, 1776520000, 1776520000, 65, 'warm', 1776520000);

-- Stormshield
INSERT INTO companies (id, name, domain, description, sector, subsector, location_city, location_country, employee_count, revenue_eur, revenue_year, tech_stack, uses_consulting_services, linkedin_url, siren, status, enrichment_status, last_enriched_at, created_at, updated_at, prospect_score, prospect_band, scored_at)
VALUES ('d1a2b3c4-0007-4000-a000-c1be50000007', 'Stormshield', 'stormshield.com', 'Airbus subsidiary and European leader in network security appliances. ANSSI-certified provider of firewalls, endpoint protection and data security for government, defense and critical infrastructure. EU sovereign alternative to US vendors.', 'Cybersecurity', 'Network Security', 'Issy-les-Moulineaux', 'France', 500, 85000000, 2024, '["Stormshield Network Security (SNS)","Stormshield Endpoint Security (SES)","Stormshield Data Security (SDS)","ANSSI EAL4+","NATO Restricted","IPS/IDS","VPN","C","C++","Python","Linux"]', 0, 'https://www.linkedin.com/company/stormshield/', '480570488', 'active', 'enriched', 1776520000, 1776520000, 1776520000, 66, 'warm', 1776520000);

-- Tehtris
INSERT INTO companies (id, name, domain, description, sector, subsector, location_city, location_country, employee_count, revenue_eur, revenue_year, tech_stack, uses_consulting_services, linkedin_url, siren, status, enrichment_status, last_enriched_at, created_at, updated_at, prospect_score, prospect_band, scored_at)
VALUES ('d1a2b3c4-0008-4000-a000-c1be50000008', 'Tehtris', 'tehtris.com', 'French cybersecurity scale-up providing an XDR platform for automated threat detection and response. ANSSI-qualified and focused on European digital sovereignty with AI-driven zero-trust endpoint protection.', 'Cybersecurity', 'Extended Detection & Response', 'Pessac', 'France', 300, 25000000, 2024, '["TEHTRIS XDR","TEHTRIS EDR","TEHTRIS MTD","TEHTRIS SIEM","Cyberia AI","DNS Firewall","Zero Trust","Python","Rust","Go","React","Kubernetes","AWS","GCP"]', 0, 'https://www.linkedin.com/company/teaborahtris/', '521492050', 'active', 'enriched', 1776520000, 1776520000, 1776520000, 63, 'warm', 1776520000);

-- Sekoia
INSERT INTO companies (id, name, domain, description, sector, subsector, location_city, location_country, employee_count, revenue_eur, revenue_year, tech_stack, uses_consulting_services, linkedin_url, siren, status, enrichment_status, last_enriched_at, created_at, updated_at, prospect_score, prospect_band, scored_at)
VALUES ('d1a2b3c4-0009-4000-a000-c1be50000009', 'Sekoia', 'sekoia.io', 'French cybersecurity company offering a SaaS-based SOC platform combining threat intelligence, XDR and SOAR. Specializes in European cyber threat intelligence with automated detection and response playbooks.', 'Cybersecurity', 'SOC Platform & Threat Intelligence', 'Paris', 'France', 200, 20000000, 2024, '["Sekoia.io SOC Platform","Sekoia XDR","Sekoia TIP","STIX/TAXII","MITRE ATT&CK","SOAR Playbooks","Python","Go","TypeScript","React","Elasticsearch","Kubernetes","GCP"]', 0, 'https://www.linkedin.com/company/sekoia-io/', '802538137', 'active', 'enriched', 1776520000, 1776520000, 1776520000, 62, 'warm', 1776520000);

-- CyberArk France
INSERT INTO companies (id, name, domain, description, sector, subsector, location_city, location_country, employee_count, revenue_eur, revenue_year, tech_stack, uses_consulting_services, linkedin_url, siren, status, enrichment_status, last_enriched_at, created_at, updated_at, prospect_score, prospect_band, scored_at)
VALUES ('d1a2b3c4-0010-4000-a000-c1be50000010', 'CyberArk France', 'cyberark.com', 'French operations of CyberArk, global leader in identity security and privileged access management. Provides PAM, secrets management, identity governance and cloud security for French CAC 40 and government clients.', 'Cybersecurity', 'Identity Security', 'Paris', 'France', 250, 180000000, 2024, '["CyberArk PAM","Conjur Secrets Manager","CyberArk Endpoint Privilege Manager","Identity Security Platform","CyberArk Secure Browser","SAML/OIDC","Python","Java",".NET","PowerShell","Terraform","AWS","Azure","GCP"]', 1, 'https://www.linkedin.com/company/cyberark/', '509538218', 'active', 'enriched', 1776520000, 1776520000, 1776520000, 70, 'qualified', 1776520000);

-- ============================================================
-- 2. NEWS (3-4 per company, cybersecurity themes)
-- ============================================================

-- Thales Cyber Solutions news (4 items)
INSERT INTO news (id, company_id, source_id, title, summary, category, source_url, sentiment, relevance_score, published_at, extracted_at, created_at)
VALUES ('e1000001-0001-4000-b000-c1be50000001', 'd1a2b3c4-0001-4000-a000-c1be50000001', '00238d74-63da-4b37-88cb-ff4357db7e13', 'Thales obtains ANSSI SecNumCloud qualification for sovereign encryption platform', 'Thales Cyber Solutions secured ANSSI SecNumCloud qualification for its CipherTrust data security platform, enabling deployment in classified French government and defense environments.', 'certification', 'https://www.thalesgroup.com/en/press/2025/secnumcloud-ciphertrust', 'positive', 9, 1774200000, 1776520000, 1776520000);

INSERT INTO news (id, company_id, source_id, title, summary, category, source_url, sentiment, relevance_score, published_at, extracted_at, created_at)
VALUES ('e1000001-0002-4000-b000-c1be50000002', 'd1a2b3c4-0001-4000-a000-c1be50000001', '00238d74-63da-4b37-88cb-ff4357db7e13', 'Thales wins EUR 900M French defense cyber contract for military communications', 'Thales Cyber Solutions awarded a multi-year contract from the French DGA for next-generation military-grade encrypted communications and cyber defense infrastructure.', 'government_contract', 'https://www.thalesgroup.com/en/press/2025/dga-cyber-defense-contract', 'positive', 9, 1773500000, 1776520000, 1776520000);

INSERT INTO news (id, company_id, source_id, title, summary, category, source_url, sentiment, relevance_score, published_at, extracted_at, created_at)
VALUES ('e1000001-0003-4000-b000-c1be50000003', 'd1a2b3c4-0001-4000-a000-c1be50000001', '00238d74-63da-4b37-88cb-ff4357db7e13', 'Thales expands European SOC network with new centers in Paris and Munich', 'Thales opened two new Security Operations Centers to strengthen its managed detection and response capabilities, targeting NIS2 compliance for critical infrastructure operators across the EU.', 'soc_expansion', 'https://www.thalesgroup.com/en/press/2025/soc-expansion-europe', 'positive', 8, 1772800000, 1776520000, 1776520000);

INSERT INTO news (id, company_id, source_id, title, summary, category, source_url, sentiment, relevance_score, published_at, extracted_at, created_at)
VALUES ('e1000001-0004-4000-b000-c1be50000004', 'd1a2b3c4-0001-4000-a000-c1be50000001', '00238d74-63da-4b37-88cb-ff4357db7e13', 'Thales launches post-quantum cryptography migration program for EU institutions', 'Thales initiated a large-scale migration program to deploy quantum-resistant encryption across European institutional networks, aligned with ANSSI post-quantum recommendations.', 'nis2_compliance', 'https://www.thalesgroup.com/en/press/2025/post-quantum-eu-migration', 'positive', 8, 1771500000, 1776520000, 1776520000);

-- Airbus CyberSecurity news (3 items)
INSERT INTO news (id, company_id, source_id, title, summary, category, source_url, sentiment, relevance_score, published_at, extracted_at, created_at)
VALUES ('e2000001-0001-4000-b000-c1be50000001', 'd1a2b3c4-0002-4000-a000-c1be50000002', '00238d74-63da-4b37-88cb-ff4357db7e13', 'Airbus CyberSecurity awarded EUR 200M NATO cyber defense contract', 'Airbus CyberSecurity secured a major NATO contract for cyber defense monitoring and incident response across allied nation networks, reinforcing its role as a European defense cyber leader.', 'government_contract', 'https://www.airbus-cyber-security.com/press/2025/nato-cyber-defense', 'positive', 9, 1774000000, 1776520000, 1776520000);

INSERT INTO news (id, company_id, source_id, title, summary, category, source_url, sentiment, relevance_score, published_at, extracted_at, created_at)
VALUES ('e2000001-0002-4000-b000-c1be50000002', 'd1a2b3c4-0002-4000-a000-c1be50000002', '00238d74-63da-4b37-88cb-ff4357db7e13', 'Airbus CyberSecurity achieves ANSSI PDIS and PRIS certifications for incident response', 'Airbus CyberSecurity obtained dual ANSSI certifications as a qualified incident detection and response provider, enabling it to serve as official cyber responder for French OIV operators.', 'certification', 'https://www.airbus-cyber-security.com/press/2025/anssi-pdis-pris', 'positive', 8, 1773200000, 1776520000, 1776520000);

INSERT INTO news (id, company_id, source_id, title, summary, category, source_url, sentiment, relevance_score, published_at, extracted_at, created_at)
VALUES ('e2000001-0003-4000-b000-c1be50000003', 'd1a2b3c4-0002-4000-a000-c1be50000002', '00238d74-63da-4b37-88cb-ff4357db7e13', 'Airbus CyberSecurity expands SOC capabilities with AI-driven threat hunting platform', 'Airbus deployed an upgraded AI-powered threat hunting engine across its European SOCs, improving mean detection time by 60% and aligning with NIS2 reporting requirements.', 'soc_expansion', 'https://www.airbus-cyber-security.com/press/2025/ai-soc-threat-hunting', 'positive', 7, 1772500000, 1776520000, 1776520000);

-- Orange Cyberdefense news (4 items)
INSERT INTO news (id, company_id, source_id, title, summary, category, source_url, sentiment, relevance_score, published_at, extracted_at, created_at)
VALUES ('e3000001-0001-4000-b000-c1be50000001', 'd1a2b3c4-0003-4000-a000-c1be50000003', '00238d74-63da-4b37-88cb-ff4357db7e13', 'Orange Cyberdefense launches NIS2 compliance-as-a-service for European enterprises', 'Orange Cyberdefense unveiled a comprehensive NIS2 compliance program offering gap analysis, security architecture design and continuous monitoring for essential and important entities across the EU.', 'nis2_compliance', 'https://www.orangecyberdefense.com/press/2025/nis2-compliance-service', 'positive', 9, 1774100000, 1776520000, 1776520000);

INSERT INTO news (id, company_id, source_id, title, summary, category, source_url, sentiment, relevance_score, published_at, extracted_at, created_at)
VALUES ('e3000001-0002-4000-b000-c1be50000002', 'd1a2b3c4-0003-4000-a000-c1be50000003', '00238d74-63da-4b37-88cb-ff4357db7e13', 'Orange Cyberdefense opens 3 new CyberSOCs in Europe to meet NIS2 demand surge', 'In response to surging demand ahead of NIS2 enforcement deadlines, Orange Cyberdefense opened new CyberSOCs in Lyon, Amsterdam and Frankfurt, bringing its total to 17 worldwide.', 'soc_expansion', 'https://www.orangecyberdefense.com/press/2025/cybersoc-expansion-nis2', 'positive', 8, 1773400000, 1776520000, 1776520000);

INSERT INTO news (id, company_id, source_id, title, summary, category, source_url, sentiment, relevance_score, published_at, extracted_at, created_at)
VALUES ('e3000001-0003-4000-b000-c1be50000003', 'd1a2b3c4-0003-4000-a000-c1be50000003', '00238d74-63da-4b37-88cb-ff4357db7e13', 'Orange Cyberdefense secures EUR 150M French government MSSP framework contract', 'Orange Cyberdefense won a multi-year framework agreement to provide managed security services to French ministries and public agencies, covering threat monitoring, vulnerability management and incident response.', 'government_contract', 'https://www.orangecyberdefense.com/press/2025/gov-mssp-framework', 'positive', 8, 1772700000, 1776520000, 1776520000);

INSERT INTO news (id, company_id, source_id, title, summary, category, source_url, sentiment, relevance_score, published_at, extracted_at, created_at)
VALUES ('e3000001-0004-4000-b000-c1be50000004', 'd1a2b3c4-0003-4000-a000-c1be50000003', '00238d74-63da-4b37-88cb-ff4357db7e13', 'Orange Cyberdefense achieves ANSSI PASSI qualification renewal for audit services', 'Orange Cyberdefense renewed its ANSSI PASSI (audit service provider) qualification, maintaining its position as one of Frances top certified security auditors for critical infrastructure.', 'certification', 'https://www.orangecyberdefense.com/press/2025/anssi-passi-renewal', 'positive', 7, 1771800000, 1776520000, 1776520000);

-- Atos Eviden news (4 items)
INSERT INTO news (id, company_id, source_id, title, summary, category, source_url, sentiment, relevance_score, published_at, extracted_at, created_at)
VALUES ('e4000001-0001-4000-b000-c1be50000001', 'd1a2b3c4-0004-4000-a000-c1be50000004', '00238d74-63da-4b37-88cb-ff4357db7e13', 'Eviden secures EUR 700M French defense sovereign cybersecurity contract', 'Eviden won a landmark contract from the French Ministry of Armed Forces for sovereign cyber defense infrastructure, including quantum-resistant encryption and military-grade identity management.', 'government_contract', 'https://eviden.com/press/2025/french-defense-sovereign-cyber', 'positive', 9, 1774300000, 1776520000, 1776520000);

INSERT INTO news (id, company_id, source_id, title, summary, category, source_url, sentiment, relevance_score, published_at, extracted_at, created_at)
VALUES ('e4000001-0002-4000-b000-c1be50000002', 'd1a2b3c4-0004-4000-a000-c1be50000004', '00238d74-63da-4b37-88cb-ff4357db7e13', 'Eviden obtains ANSSI SecNumCloud qualification for AIsaac MDR platform', 'Evidens AIsaac managed detection and response platform received ANSSI SecNumCloud qualification, enabling its deployment for classified and sovereignty-sensitive workloads.', 'certification', 'https://eviden.com/press/2025/aisaac-secnumcloud', 'positive', 8, 1773600000, 1776520000, 1776520000);

INSERT INTO news (id, company_id, source_id, title, summary, category, source_url, sentiment, relevance_score, published_at, extracted_at, created_at)
VALUES ('e4000001-0003-4000-b000-c1be50000003', 'd1a2b3c4-0004-4000-a000-c1be50000004', '00238d74-63da-4b37-88cb-ff4357db7e13', 'Eviden expands European SOC footprint with NIS2-ready monitoring centers', 'Eviden opened new SOC facilities in Paris-Saclay and Madrid to address the growing demand for NIS2-compliant managed security services across European critical infrastructure sectors.', 'soc_expansion', 'https://eviden.com/press/2025/soc-expansion-nis2', 'positive', 7, 1772900000, 1776520000, 1776520000);

INSERT INTO news (id, company_id, source_id, title, summary, category, source_url, sentiment, relevance_score, published_at, extracted_at, created_at)
VALUES ('e4000001-0004-4000-b000-c1be50000004', 'd1a2b3c4-0004-4000-a000-c1be50000004', '00238d74-63da-4b37-88cb-ff4357db7e13', 'Eviden launches European NIS2 compliance assessment program for OIV operators', 'Eviden introduced a structured NIS2 readiness assessment targeting French OIV and OSE operators, combining automated vulnerability scanning with regulatory gap analysis.', 'nis2_compliance', 'https://eviden.com/press/2025/nis2-compliance-oiv', 'positive', 7, 1771500000, 1776520000, 1776520000);

-- CS Group Cyber news (3 items)
INSERT INTO news (id, company_id, source_id, title, summary, category, source_url, sentiment, relevance_score, published_at, extracted_at, created_at)
VALUES ('e5000001-0001-4000-b000-c1be50000001', 'd1a2b3c4-0005-4000-a000-c1be50000005', '00238d74-63da-4b37-88cb-ff4357db7e13', 'CS Group wins EUR 120M CNES satellite cybersecurity contract', 'CS Group Cyber division secured a contract from CNES to provide end-to-end cybersecurity for French space program communications, including satellite encryption and ground segment protection.', 'government_contract', 'https://www.csgroup.eu/press/2025/cnes-satellite-cybersecurity', 'positive', 8, 1774000000, 1776520000, 1776520000);

INSERT INTO news (id, company_id, source_id, title, summary, category, source_url, sentiment, relevance_score, published_at, extracted_at, created_at)
VALUES ('e5000001-0002-4000-b000-c1be50000002', 'd1a2b3c4-0005-4000-a000-c1be50000005', '00238d74-63da-4b37-88cb-ff4357db7e13', 'CS Group achieves ANSSI CSPN certification for Prelude SIEM platform', 'CS Groups Prelude SIEM solution obtained ANSSI First Level Security Certification, validating its capability for deployment in sensitive government and defense environments.', 'certification', 'https://www.csgroup.eu/press/2025/prelude-anssi-cspn', 'positive', 7, 1773100000, 1776520000, 1776520000);

INSERT INTO news (id, company_id, source_id, title, summary, category, source_url, sentiment, relevance_score, published_at, extracted_at, created_at)
VALUES ('e5000001-0003-4000-b000-c1be50000003', 'd1a2b3c4-0005-4000-a000-c1be50000005', '00238d74-63da-4b37-88cb-ff4357db7e13', 'CS Group expands OT/SCADA security practice for NIS2 industrial compliance', 'CS Group launched a dedicated OT cybersecurity practice to help industrial operators meet NIS2 requirements, focusing on SCADA protection, network segmentation and real-time threat detection.', 'nis2_compliance', 'https://www.csgroup.eu/press/2025/ot-scada-nis2-compliance', 'positive', 7, 1772200000, 1776520000, 1776520000);

-- Wallix news (3 items)
INSERT INTO news (id, company_id, source_id, title, summary, category, source_url, sentiment, relevance_score, published_at, extracted_at, created_at)
VALUES ('e6000001-0001-4000-b000-c1be50000001', 'd1a2b3c4-0006-4000-a000-c1be50000006', '00238d74-63da-4b37-88cb-ff4357db7e13', 'Wallix achieves ANSSI CSPN certification for Bastion PAM 10.0 release', 'Wallix obtained ANSSI CSPN certification for the latest version of its flagship Bastion PAM solution, reinforcing its position as the European reference for privileged access management.', 'certification', 'https://www.wallix.com/press/2025/bastion-10-anssi-cspn', 'positive', 8, 1774100000, 1776520000, 1776520000);

INSERT INTO news (id, company_id, source_id, title, summary, category, source_url, sentiment, relevance_score, published_at, extracted_at, created_at)
VALUES ('e6000001-0002-4000-b000-c1be50000002', 'd1a2b3c4-0006-4000-a000-c1be50000006', '00238d74-63da-4b37-88cb-ff4357db7e13', 'Wallix launches NIS2 PAM compliance package for European mid-market companies', 'Wallix introduced a turnkey NIS2 compliance package combining PAM deployment, access governance and audit trail capabilities specifically designed for mid-sized European enterprises.', 'nis2_compliance', 'https://www.wallix.com/press/2025/nis2-pam-compliance-package', 'positive', 7, 1773300000, 1776520000, 1776520000);

INSERT INTO news (id, company_id, source_id, title, summary, category, source_url, sentiment, relevance_score, published_at, extracted_at, created_at)
VALUES ('e6000001-0003-4000-b000-c1be50000003', 'd1a2b3c4-0006-4000-a000-c1be50000006', '00238d74-63da-4b37-88cb-ff4357db7e13', 'Wallix secures EUR 15M French public hospital PAM deployment contract', 'Wallix won a framework contract to deploy privileged access management across 30 French public hospitals, addressing critical cybersecurity vulnerabilities in the healthcare sector.', 'government_contract', 'https://www.wallix.com/press/2025/hospital-pam-framework', 'positive', 7, 1772400000, 1776520000, 1776520000);

-- Stormshield news (3 items)
INSERT INTO news (id, company_id, source_id, title, summary, category, source_url, sentiment, relevance_score, published_at, extracted_at, created_at)
VALUES ('e7000001-0001-4000-b000-c1be50000001', 'd1a2b3c4-0007-4000-a000-c1be50000007', '00238d74-63da-4b37-88cb-ff4357db7e13', 'Stormshield renews ANSSI EAL4+ certification for next-gen firewall range', 'Stormshield obtained ANSSI EAL4+ certification for its entire SNS 5.0 firewall product line, the highest EU security certification level for network protection appliances.', 'certification', 'https://www.stormshield.com/press/2025/sns-5-anssi-eal4', 'positive', 9, 1774200000, 1776520000, 1776520000);

INSERT INTO news (id, company_id, source_id, title, summary, category, source_url, sentiment, relevance_score, published_at, extracted_at, created_at)
VALUES ('e7000001-0002-4000-b000-c1be50000002', 'd1a2b3c4-0007-4000-a000-c1be50000007', '00238d74-63da-4b37-88cb-ff4357db7e13', 'Stormshield secures EUR 80M French Ministry of Interior network security contract', 'Stormshield won a major contract to supply ANSSI-certified firewalls and network security appliances across French police, gendarmerie and prefectural networks nationwide.', 'government_contract', 'https://www.stormshield.com/press/2025/ministry-interior-contract', 'positive', 8, 1773400000, 1776520000, 1776520000);

INSERT INTO news (id, company_id, source_id, title, summary, category, source_url, sentiment, relevance_score, published_at, extracted_at, created_at)
VALUES ('e7000001-0003-4000-b000-c1be50000003', 'd1a2b3c4-0007-4000-a000-c1be50000007', '00238d74-63da-4b37-88cb-ff4357db7e13', 'Stormshield launches industrial firewall for NIS2 OT network segmentation', 'Stormshield released a hardened industrial firewall designed for NIS2-compliant OT network segmentation in energy, water and transport critical infrastructure environments.', 'nis2_compliance', 'https://www.stormshield.com/press/2025/industrial-firewall-nis2', 'positive', 7, 1772500000, 1776520000, 1776520000);

-- Tehtris news (3 items)
INSERT INTO news (id, company_id, source_id, title, summary, category, source_url, sentiment, relevance_score, published_at, extracted_at, created_at)
VALUES ('e8000001-0001-4000-b000-c1be50000001', 'd1a2b3c4-0008-4000-a000-c1be50000008', '00238d74-63da-4b37-88cb-ff4357db7e13', 'Tehtris obtains ANSSI qualification for XDR platform as PDIS provider', 'Tehtris received official ANSSI qualification as a detection service provider (PDIS) for its XDR platform, enabling it to serve French OIV operators with certified threat detection.', 'certification', 'https://www.tehtris.com/press/2025/anssi-pdis-xdr-qualification', 'positive', 8, 1774000000, 1776520000, 1776520000);

INSERT INTO news (id, company_id, source_id, title, summary, category, source_url, sentiment, relevance_score, published_at, extracted_at, created_at)
VALUES ('e8000001-0002-4000-b000-c1be50000002', 'd1a2b3c4-0008-4000-a000-c1be50000008', '00238d74-63da-4b37-88cb-ff4357db7e13', 'Tehtris expands SOC-as-a-service with new European threat monitoring center', 'Tehtris launched a new managed SOC service backed by a European-hosted monitoring center, offering 24/7 threat detection aligned with NIS2 incident reporting timelines.', 'soc_expansion', 'https://www.tehtris.com/press/2025/managed-soc-europe', 'positive', 7, 1773100000, 1776520000, 1776520000);

INSERT INTO news (id, company_id, source_id, title, summary, category, source_url, sentiment, relevance_score, published_at, extracted_at, created_at)
VALUES ('e8000001-0003-4000-b000-c1be50000003', 'd1a2b3c4-0008-4000-a000-c1be50000008', '00238d74-63da-4b37-88cb-ff4357db7e13', 'Tehtris secures EUR 30M Series B to accelerate NIS2 market expansion', 'Tehtris raised EUR 30M in Series B funding led by French and European investors to scale its XDR platform across EU markets ahead of NIS2 enforcement deadlines.', 'nis2_compliance', 'https://www.tehtris.com/press/2025/series-b-nis2-expansion', 'positive', 7, 1772200000, 1776520000, 1776520000);

-- Sekoia news (3 items)
INSERT INTO news (id, company_id, source_id, title, summary, category, source_url, sentiment, relevance_score, published_at, extracted_at, created_at)
VALUES ('e9000001-0001-4000-b000-c1be50000001', 'd1a2b3c4-0009-4000-a000-c1be50000009', '00238d74-63da-4b37-88cb-ff4357db7e13', 'Sekoia achieves ANSSI PDIS qualification for SOC platform threat detection', 'Sekoia obtained ANSSI PDIS qualification for its SaaS SOC platform, positioning it as a certified European alternative for threat detection and security monitoring.', 'certification', 'https://www.sekoia.io/press/2025/anssi-pdis-qualification', 'positive', 8, 1774100000, 1776520000, 1776520000);

INSERT INTO news (id, company_id, source_id, title, summary, category, source_url, sentiment, relevance_score, published_at, extracted_at, created_at)
VALUES ('e9000001-0002-4000-b000-c1be50000002', 'd1a2b3c4-0009-4000-a000-c1be50000009', '00238d74-63da-4b37-88cb-ff4357db7e13', 'Sekoia launches automated NIS2 compliance reporting module', 'Sekoia released an integrated NIS2 compliance module within its SOC platform, automating incident reporting, risk assessment documentation and audit trail generation for regulated entities.', 'nis2_compliance', 'https://www.sekoia.io/press/2025/nis2-compliance-module', 'positive', 7, 1773200000, 1776520000, 1776520000);

INSERT INTO news (id, company_id, source_id, title, summary, category, source_url, sentiment, relevance_score, published_at, extracted_at, created_at)
VALUES ('e9000001-0003-4000-b000-c1be50000003', 'd1a2b3c4-0009-4000-a000-c1be50000009', '00238d74-63da-4b37-88cb-ff4357db7e13', 'Sekoia wins EUR 8M ANSSI framework contract for government threat intelligence', 'Sekoia secured a framework agreement with ANSSI to provide cyber threat intelligence feeds and analysis for French government agencies and critical infrastructure operators.', 'government_contract', 'https://www.sekoia.io/press/2025/anssi-cti-framework', 'positive', 8, 1772300000, 1776520000, 1776520000);

-- CyberArk France news (3 items)
INSERT INTO news (id, company_id, source_id, title, summary, category, source_url, sentiment, relevance_score, published_at, extracted_at, created_at)
VALUES ('ea000001-0001-4000-b000-c1be50000001', 'd1a2b3c4-0010-4000-a000-c1be50000010', '00238d74-63da-4b37-88cb-ff4357db7e13', 'CyberArk France expands Paris SOC for European identity threat detection', 'CyberArk expanded its Paris-based SOC to provide dedicated identity threat detection and response services for French and European enterprise clients facing NIS2 identity governance requirements.', 'soc_expansion', 'https://www.cyberark.com/press/2025/paris-soc-identity-threat', 'positive', 8, 1774000000, 1776520000, 1776520000);

INSERT INTO news (id, company_id, source_id, title, summary, category, source_url, sentiment, relevance_score, published_at, extracted_at, created_at)
VALUES ('ea000001-0002-4000-b000-c1be50000002', 'd1a2b3c4-0010-4000-a000-c1be50000010', '00238d74-63da-4b37-88cb-ff4357db7e13', 'CyberArk obtains ANSSI CSPN certification for Identity Security Platform', 'CyberArk Identity Security Platform received ANSSI CSPN certification for the French market, enabling deployment in government and OIV environments requiring certified access management.', 'certification', 'https://www.cyberark.com/press/2025/anssi-cspn-identity-platform', 'positive', 8, 1773100000, 1776520000, 1776520000);

INSERT INTO news (id, company_id, source_id, title, summary, category, source_url, sentiment, relevance_score, published_at, extracted_at, created_at)
VALUES ('ea000001-0003-4000-b000-c1be50000003', 'd1a2b3c4-0010-4000-a000-c1be50000010', '00238d74-63da-4b37-88cb-ff4357db7e13', 'CyberArk launches NIS2 privileged access compliance program for CAC 40 companies', 'CyberArk France introduced a dedicated NIS2 compliance program helping CAC 40 and SBF 120 companies implement privileged access controls, secrets management and zero-trust identity governance.', 'nis2_compliance', 'https://www.cyberark.com/press/2025/nis2-pam-cac40', 'positive', 7, 1772200000, 1776520000, 1776520000);

-- ============================================================
-- 3. PROSPECT SCORES (50 criteria each)
-- ============================================================

-- Thales Cyber Solutions - prospect_scores
INSERT INTO prospect_scores (id, company_id, sector_alignment, naf_code_match, company_size, rd_department_size, geographic_proximity, regional_specialization, company_maturity, organizational_structure, revenue_growth_gap, rd_spending_trend, capex_spikes, capex_to_opex_shift, recent_funding, public_grants, margin_compression, hiring_freeze_with_projects, external_spend_in_financials, engineering_job_volume, stale_job_postings, repeated_repostings, contract_freelance_language, rare_skills_demand, emerging_tech_demand, high_turnover_signals, recruiter_hiring_wave, above_market_salaries, physical_expansion, new_product_launch, platform_migration, program_milestones, digital_transformation, erp_plm_migration, cloud_migration, strategic_partnerships, leadership_change, ma_activity, existing_consulting_usage, legacy_modernization, tech_debt_indicators, cybersecurity_gaps, industry_specific_software, iot_industry4_adoption, eu_regulatory_pressure, french_defense_budget, certification_needs, major_contract_won, crisis_event, industry_event_presence, total_score, score_label, scored_at, created_at, updated_at)
VALUES ('f1000001-0001-4000-c000-c1be50000001', 'd1a2b3c4-0001-4000-a000-c1be50000001', 9, 8, 4, 9, 7, 6, 9, 8, 6, 9, 7, 5, 4, 7, 4, 3, 8, 8, 5, 4, 7, 9, 9, 4, 8, 7, 5, 9, 7, 7, 8, 4, 7, 9, 3, 5, 9, 8, 6, 85, 9, 7, 80, 9, 75, 9, 3, 9, 78, 'qualified', 1776520000, 1776520000, 1776520000);

-- Airbus CyberSecurity - prospect_scores
INSERT INTO prospect_scores (id, company_id, sector_alignment, naf_code_match, company_size, rd_department_size, geographic_proximity, regional_specialization, company_maturity, organizational_structure, revenue_growth_gap, rd_spending_trend, capex_spikes, capex_to_opex_shift, recent_funding, public_grants, margin_compression, hiring_freeze_with_projects, external_spend_in_financials, engineering_job_volume, stale_job_postings, repeated_repostings, contract_freelance_language, rare_skills_demand, emerging_tech_demand, high_turnover_signals, recruiter_hiring_wave, above_market_salaries, physical_expansion, new_product_launch, platform_migration, program_milestones, digital_transformation, erp_plm_migration, cloud_migration, strategic_partnerships, leadership_change, ma_activity, existing_consulting_usage, legacy_modernization, tech_debt_indicators, cybersecurity_gaps, industry_specific_software, iot_industry4_adoption, eu_regulatory_pressure, french_defense_budget, certification_needs, major_contract_won, crisis_event, industry_event_presence, total_score, score_label, scored_at, created_at, updated_at)
VALUES ('f1000001-0002-4000-c000-c1be50000002', 'd1a2b3c4-0002-4000-a000-c1be50000002', 9, 8, 6, 8, 5, 6, 8, 7, 5, 8, 6, 5, 3, 8, 5, 3, 7, 7, 5, 4, 6, 8, 9, 5, 7, 6, 5, 8, 6, 6, 7, 4, 6, 8, 4, 6, 8, 7, 5, 85, 8, 6, 80, 8, 75, 8, 3, 8, 74, 'qualified', 1776520000, 1776520000, 1776520000);

-- Orange Cyberdefense - prospect_scores
INSERT INTO prospect_scores (id, company_id, sector_alignment, naf_code_match, company_size, rd_department_size, geographic_proximity, regional_specialization, company_maturity, organizational_structure, revenue_growth_gap, rd_spending_trend, capex_spikes, capex_to_opex_shift, recent_funding, public_grants, margin_compression, hiring_freeze_with_projects, external_spend_in_financials, engineering_job_volume, stale_job_postings, repeated_repostings, contract_freelance_language, rare_skills_demand, emerging_tech_demand, high_turnover_signals, recruiter_hiring_wave, above_market_salaries, physical_expansion, new_product_launch, platform_migration, program_milestones, digital_transformation, erp_plm_migration, cloud_migration, strategic_partnerships, leadership_change, ma_activity, existing_consulting_usage, legacy_modernization, tech_debt_indicators, cybersecurity_gaps, industry_specific_software, iot_industry4_adoption, eu_regulatory_pressure, french_defense_budget, certification_needs, major_contract_won, crisis_event, industry_event_presence, total_score, score_label, scored_at, created_at, updated_at)
VALUES ('f1000001-0003-4000-c000-c1be50000003', 'd1a2b3c4-0003-4000-a000-c1be50000003', 9, 9, 6, 8, 7, 7, 8, 7, 6, 8, 6, 6, 4, 6, 4, 3, 8, 8, 5, 4, 7, 8, 9, 5, 8, 6, 6, 8, 7, 7, 8, 5, 7, 9, 3, 5, 9, 7, 6, 85, 8, 6, 80, 7, 75, 8, 2, 8, 76, 'qualified', 1776520000, 1776520000, 1776520000);

-- Atos Eviden - prospect_scores
INSERT INTO prospect_scores (id, company_id, sector_alignment, naf_code_match, company_size, rd_department_size, geographic_proximity, regional_specialization, company_maturity, organizational_structure, revenue_growth_gap, rd_spending_trend, capex_spikes, capex_to_opex_shift, recent_funding, public_grants, margin_compression, hiring_freeze_with_projects, external_spend_in_financials, engineering_job_volume, stale_job_postings, repeated_repostings, contract_freelance_language, rare_skills_demand, emerging_tech_demand, high_turnover_signals, recruiter_hiring_wave, above_market_salaries, physical_expansion, new_product_launch, platform_migration, program_milestones, digital_transformation, erp_plm_migration, cloud_migration, strategic_partnerships, leadership_change, ma_activity, existing_consulting_usage, legacy_modernization, tech_debt_indicators, cybersecurity_gaps, industry_specific_software, iot_industry4_adoption, eu_regulatory_pressure, french_defense_budget, certification_needs, major_contract_won, crisis_event, industry_event_presence, total_score, score_label, scored_at, created_at, updated_at)
VALUES ('f1000001-0004-4000-c000-c1be50000004', 'd1a2b3c4-0004-4000-a000-c1be50000004', 9, 8, 5, 8, 6, 5, 8, 6, 4, 7, 5, 6, 3, 8, 7, 6, 7, 6, 6, 5, 8, 8, 8, 6, 5, 4, 4, 7, 6, 7, 7, 5, 7, 8, 7, 7, 8, 8, 7, 85, 8, 6, 80, 9, 75, 8, 6, 7, 72, 'qualified', 1776520000, 1776520000, 1776520000);

-- CS Group Cyber - prospect_scores
INSERT INTO prospect_scores (id, company_id, sector_alignment, naf_code_match, company_size, rd_department_size, geographic_proximity, regional_specialization, company_maturity, organizational_structure, revenue_growth_gap, rd_spending_trend, capex_spikes, capex_to_opex_shift, recent_funding, public_grants, margin_compression, hiring_freeze_with_projects, external_spend_in_financials, engineering_job_volume, stale_job_postings, repeated_repostings, contract_freelance_language, rare_skills_demand, emerging_tech_demand, high_turnover_signals, recruiter_hiring_wave, above_market_salaries, physical_expansion, new_product_launch, platform_migration, program_milestones, digital_transformation, erp_plm_migration, cloud_migration, strategic_partnerships, leadership_change, ma_activity, existing_consulting_usage, legacy_modernization, tech_debt_indicators, cybersecurity_gaps, industry_specific_software, iot_industry4_adoption, eu_regulatory_pressure, french_defense_budget, certification_needs, major_contract_won, crisis_event, industry_event_presence, total_score, score_label, scored_at, created_at, updated_at)
VALUES ('f1000001-0005-4000-c000-c1be50000005', 'd1a2b3c4-0005-4000-a000-c1be50000005', 8, 7, 7, 7, 5, 6, 7, 6, 5, 7, 5, 4, 3, 7, 5, 4, 6, 6, 5, 4, 7, 7, 8, 5, 6, 5, 5, 7, 6, 6, 7, 4, 5, 7, 4, 5, 7, 7, 6, 85, 8, 7, 80, 8, 75, 7, 3, 7, 68, 'warm', 1776520000, 1776520000, 1776520000);

-- Wallix - prospect_scores
INSERT INTO prospect_scores (id, company_id, sector_alignment, naf_code_match, company_size, rd_department_size, geographic_proximity, regional_specialization, company_maturity, organizational_structure, revenue_growth_gap, rd_spending_trend, capex_spikes, capex_to_opex_shift, recent_funding, public_grants, margin_compression, hiring_freeze_with_projects, external_spend_in_financials, engineering_job_volume, stale_job_postings, repeated_repostings, contract_freelance_language, rare_skills_demand, emerging_tech_demand, high_turnover_signals, recruiter_hiring_wave, above_market_salaries, physical_expansion, new_product_launch, platform_migration, program_milestones, digital_transformation, erp_plm_migration, cloud_migration, strategic_partnerships, leadership_change, ma_activity, existing_consulting_usage, legacy_modernization, tech_debt_indicators, cybersecurity_gaps, industry_specific_software, iot_industry4_adoption, eu_regulatory_pressure, french_defense_budget, certification_needs, major_contract_won, crisis_event, industry_event_presence, total_score, score_label, scored_at, created_at, updated_at)
VALUES ('f1000001-0006-4000-c000-c1be50000006', 'd1a2b3c4-0006-4000-a000-c1be50000006', 8, 7, 8, 6, 7, 5, 6, 5, 6, 6, 4, 5, 5, 5, 6, 3, 5, 6, 5, 5, 6, 7, 7, 4, 5, 5, 6, 6, 5, 5, 6, 3, 5, 5, 3, 4, 5, 6, 5, 85, 7, 5, 80, 5, 75, 6, 2, 7, 65, 'warm', 1776520000, 1776520000, 1776520000);

-- Stormshield - prospect_scores
INSERT INTO prospect_scores (id, company_id, sector_alignment, naf_code_match, company_size, rd_department_size, geographic_proximity, regional_specialization, company_maturity, organizational_structure, revenue_growth_gap, rd_spending_trend, capex_spikes, capex_to_opex_shift, recent_funding, public_grants, margin_compression, hiring_freeze_with_projects, external_spend_in_financials, engineering_job_volume, stale_job_postings, repeated_repostings, contract_freelance_language, rare_skills_demand, emerging_tech_demand, high_turnover_signals, recruiter_hiring_wave, above_market_salaries, physical_expansion, new_product_launch, platform_migration, program_milestones, digital_transformation, erp_plm_migration, cloud_migration, strategic_partnerships, leadership_change, ma_activity, existing_consulting_usage, legacy_modernization, tech_debt_indicators, cybersecurity_gaps, industry_specific_software, iot_industry4_adoption, eu_regulatory_pressure, french_defense_budget, certification_needs, major_contract_won, crisis_event, industry_event_presence, total_score, score_label, scored_at, created_at, updated_at)
VALUES ('f1000001-0007-4000-c000-c1be50000007', 'd1a2b3c4-0007-4000-a000-c1be50000007', 8, 7, 8, 7, 6, 6, 7, 6, 5, 7, 5, 4, 3, 6, 5, 3, 6, 6, 4, 4, 7, 7, 8, 4, 6, 5, 6, 7, 6, 5, 7, 3, 5, 6, 4, 5, 5, 7, 6, 85, 8, 6, 80, 7, 75, 7, 3, 7, 66, 'warm', 1776520000, 1776520000, 1776520000);

-- Tehtris - prospect_scores
INSERT INTO prospect_scores (id, company_id, sector_alignment, naf_code_match, company_size, rd_department_size, geographic_proximity, regional_specialization, company_maturity, organizational_structure, revenue_growth_gap, rd_spending_trend, capex_spikes, capex_to_opex_shift, recent_funding, public_grants, margin_compression, hiring_freeze_with_projects, external_spend_in_financials, engineering_job_volume, stale_job_postings, repeated_repostings, contract_freelance_language, rare_skills_demand, emerging_tech_demand, high_turnover_signals, recruiter_hiring_wave, above_market_salaries, physical_expansion, new_product_launch, platform_migration, program_milestones, digital_transformation, erp_plm_migration, cloud_migration, strategic_partnerships, leadership_change, ma_activity, existing_consulting_usage, legacy_modernization, tech_debt_indicators, cybersecurity_gaps, industry_specific_software, iot_industry4_adoption, eu_regulatory_pressure, french_defense_budget, certification_needs, major_contract_won, crisis_event, industry_event_presence, total_score, score_label, scored_at, created_at, updated_at)
VALUES ('f1000001-0008-4000-c000-c1be50000008', 'd1a2b3c4-0008-4000-a000-c1be50000008', 8, 7, 8, 7, 4, 5, 5, 5, 7, 7, 4, 5, 6, 5, 5, 2, 5, 6, 5, 5, 7, 8, 8, 5, 6, 5, 7, 7, 5, 5, 6, 3, 5, 5, 2, 3, 4, 5, 5, 85, 7, 5, 80, 6, 75, 6, 2, 7, 63, 'warm', 1776520000, 1776520000, 1776520000);

-- Sekoia - prospect_scores
INSERT INTO prospect_scores (id, company_id, sector_alignment, naf_code_match, company_size, rd_department_size, geographic_proximity, regional_specialization, company_maturity, organizational_structure, revenue_growth_gap, rd_spending_trend, capex_spikes, capex_to_opex_shift, recent_funding, public_grants, margin_compression, hiring_freeze_with_projects, external_spend_in_financials, engineering_job_volume, stale_job_postings, repeated_repostings, contract_freelance_language, rare_skills_demand, emerging_tech_demand, high_turnover_signals, recruiter_hiring_wave, above_market_salaries, physical_expansion, new_product_launch, platform_migration, program_milestones, digital_transformation, erp_plm_migration, cloud_migration, strategic_partnerships, leadership_change, ma_activity, existing_consulting_usage, legacy_modernization, tech_debt_indicators, cybersecurity_gaps, industry_specific_software, iot_industry4_adoption, eu_regulatory_pressure, french_defense_budget, certification_needs, major_contract_won, crisis_event, industry_event_presence, total_score, score_label, scored_at, created_at, updated_at)
VALUES ('f1000001-0009-4000-c000-c1be50000009', 'd1a2b3c4-0009-4000-a000-c1be50000009', 8, 7, 8, 7, 7, 5, 5, 5, 6, 7, 4, 4, 6, 4, 5, 2, 5, 6, 5, 4, 7, 8, 8, 4, 6, 5, 7, 7, 5, 5, 6, 3, 5, 5, 2, 3, 4, 5, 5, 85, 7, 5, 80, 5, 75, 7, 2, 7, 62, 'warm', 1776520000, 1776520000, 1776520000);

-- CyberArk France - prospect_scores
INSERT INTO prospect_scores (id, company_id, sector_alignment, naf_code_match, company_size, rd_department_size, geographic_proximity, regional_specialization, company_maturity, organizational_structure, revenue_growth_gap, rd_spending_trend, capex_spikes, capex_to_opex_shift, recent_funding, public_grants, margin_compression, hiring_freeze_with_projects, external_spend_in_financials, engineering_job_volume, stale_job_postings, repeated_repostings, contract_freelance_language, rare_skills_demand, emerging_tech_demand, high_turnover_signals, recruiter_hiring_wave, above_market_salaries, physical_expansion, new_product_launch, platform_migration, program_milestones, digital_transformation, erp_plm_migration, cloud_migration, strategic_partnerships, leadership_change, ma_activity, existing_consulting_usage, legacy_modernization, tech_debt_indicators, cybersecurity_gaps, industry_specific_software, iot_industry4_adoption, eu_regulatory_pressure, french_defense_budget, certification_needs, major_contract_won, crisis_event, industry_event_presence, total_score, score_label, scored_at, created_at, updated_at)
VALUES ('f1000001-0010-4000-c000-c1be50000010', 'd1a2b3c4-0010-4000-a000-c1be50000010', 9, 8, 8, 7, 7, 5, 7, 6, 6, 7, 5, 5, 4, 4, 4, 3, 6, 7, 5, 4, 7, 8, 8, 4, 7, 6, 6, 7, 6, 6, 7, 4, 6, 7, 3, 5, 7, 6, 5, 85, 8, 5, 80, 6, 75, 7, 2, 8, 70, 'qualified', 1776520000, 1776520000, 1776520000);
