-- =============================================================================
-- Nuclear Sector Seed: 10 French nuclear companies
-- companies + news (3-4 per company) + prospect_scores
-- =============================================================================

-- ─── COMPANY 1: Framatome ────────────────────────────────────────────────────
INSERT INTO companies (id, name, domain, description, sector, subsector, location_city, location_country, employee_count, revenue_eur, revenue_year, tech_stack, uses_consulting_services, linkedin_url, siren, logo_url, status, enrichment_status, prospect_score, prospect_band, scored_at, created_at, updated_at)
VALUES ('nuc10001-fra1-4000-a000-000000000001', 'Framatome', 'framatome.com', 'World leader in nuclear fuel assemblies, reactor components, and instrumentation & control systems. Designs and manufactures EPR2 reactor internals. Subsidiary of EDF (75.5%) and key partner for Grand Carénage life extension program.', 'Nuclear', 'Reactor Components & Fuel', 'Lyon', 'France', 18000, 3800000000, 2025, '{"languages":["C++","Ada","Python","MATLAB"],"tools":["ANSYS","CATHARE","APOLLO","TRIPOLI","SCALE"],"platforms":["TELEPERM XS","SPINLINE"],"cloud":["Private Cloud","Azure"],"methodologies":["IEC 61513","RCC-M","ISO 19443","V-Model"]}', 1, 'https://www.linkedin.com/company/framatome/', '343092006', NULL, 'active', 'enriched', 92, 'hot', 1776520000, 1776520000, 1776520000);

INSERT INTO news (id, company_id, source_id, title, summary, category, source_url, report_key, sentiment, relevance_score, published_at, extracted_at, created_at)
VALUES ('nnuc0001-0001-4000-a000-000000000001', 'nuc10001-fra1-4000-a000-000000000001', '00238d74-63da-4b37-88cb-ff4357db7e13', 'Framatome secures EUR 4.5B contract for EPR2 reactor internals at Penly and Gravelines', 'Framatome awarded primary contract for heavy components (reactor vessel, steam generators, pressurizer) for first 6 EPR2 units under France relance nucleaire plan. Deliveries from Le Creusot and Saint-Marcel forges through 2035.', 'contract', 'https://www.framatome.com/press/epr2-heavy-components-contract-2025', NULL, 'positive', 9, 1776000000, 1776100000, 1776520000);
INSERT INTO news (id, company_id, source_id, title, summary, category, source_url, report_key, sentiment, relevance_score, published_at, extracted_at, created_at)
VALUES ('nnuc0001-0002-4000-a000-000000000002', 'nuc10001-fra1-4000-a000-000000000001', '00238d74-63da-4b37-88cb-ff4357db7e13', 'Framatome I&C division recruits 800 engineers for TELEPERM XS digital safety systems', 'Massive hiring wave for instrumentation and control engineers to support EPR2 digital I&C design and Grand Carenage retrofits across 56 French reactors. Expertise in Ada, IEC 61513, and safety-critical software required.', 'hiring', 'https://www.framatome.com/press/ic-recruitment-wave-2025', NULL, 'positive', 9, 1775900000, 1776100000, 1776520000);
INSERT INTO news (id, company_id, source_id, title, summary, category, source_url, report_key, sentiment, relevance_score, published_at, extracted_at, created_at)
VALUES ('nnuc0001-0003-4000-a000-000000000003', 'nuc10001-fra1-4000-a000-000000000001', '00238d74-63da-4b37-88cb-ff4357db7e13', 'Framatome delivers first EATF (Enhanced Accident Tolerant Fuel) assemblies to US reactor', 'Chromium-coated cladding technology PROtect deployed commercially for first time at Exelon plant, validating decade of R&D. Technology transfer to EPR fleet planned for 2028.', 'technology', 'https://www.framatome.com/press/eatf-commercial-deployment', NULL, 'positive', 8, 1775800000, 1776100000, 1776520000);
INSERT INTO news (id, company_id, source_id, title, summary, category, source_url, report_key, sentiment, relevance_score, published_at, extracted_at, created_at)
VALUES ('nnuc0001-0004-4000-a000-000000000004', 'nuc10001-fra1-4000-a000-000000000001', '00238d74-63da-4b37-88cb-ff4357db7e13', 'ASN certifies Framatome digital twin platform for reactor vessel inspection', 'French nuclear safety authority ASN grants first-ever certification for AI-assisted digital twin technology used in reactor pressure vessel weld inspection, reducing outage duration by 30%.', 'regulatory', 'https://www.framatome.com/press/asn-digital-twin-certification', NULL, 'positive', 8, 1775700000, 1776100000, 1776520000);

INSERT INTO prospect_scores (id, company_id, sector_alignment, naf_code_match, company_size, rd_department_size, geographic_proximity, regional_specialization, company_maturity, organizational_structure, revenue_growth_gap, rd_spending_trend, capex_spikes, capex_to_opex_shift, recent_funding, public_grants, margin_compression, hiring_freeze_with_projects, external_spend_in_financials, engineering_job_volume, stale_job_postings, repeated_repostings, contract_freelance_language, rare_skills_demand, emerging_tech_demand, high_turnover_signals, recruiter_hiring_wave, above_market_salaries, physical_expansion, new_product_launch, platform_migration, program_milestones, digital_transformation, erp_plm_migration, cloud_migration, strategic_partnerships, leadership_change, ma_activity, existing_consulting_usage, legacy_modernization, tech_debt_indicators, cybersecurity_gaps, industry_specific_software, iot_industry4_adoption, eu_regulatory_pressure, french_defense_budget, certification_needs, major_contract_won, crisis_event, industry_event_presence, total_score, score_label, scored_at, created_at, updated_at)
VALUES ('pnuc0001-fra1-4000-a000-000000000001', 'nuc10001-fra1-4000-a000-000000000001', 95, 90, 88, 92, 85, 90, 95, 80, 78, 88, 92, 65, 50, 85, 60, 45, 82, 95, 80, 85, 78, 95, 88, 55, 90, 78, 85, 95, 80, 92, 78, 72, 65, 88, 55, 60, 90, 75, 70, 82, 95, 80, 90, 85, 90, 92, 30, 85, 92, 'hot', 1776520000, 1776520000, 1776520000);

-- ─── COMPANY 2: Orano ────────────────────────────────────────────────────────
INSERT INTO companies (id, name, domain, description, sector, subsector, location_city, location_country, employee_count, revenue_eur, revenue_year, tech_stack, uses_consulting_services, linkedin_url, siren, logo_url, status, enrichment_status, prospect_score, prospect_band, scored_at, created_at, updated_at)
VALUES ('nuc10002-ora1-4000-a000-000000000002', 'Orano', 'orano.group', 'Global leader in nuclear fuel cycle: uranium mining (KATCO, SOMAIR), conversion (Malvesi), enrichment (Georges Besse II centrifuge plant), fuel fabrication, used fuel recycling (La Hague), and decommissioning. Formerly Areva NP fuel cycle division.', 'Nuclear', 'Fuel Cycle & Recycling', 'Chatenay-Malabry', 'France', 17000, 5100000000, 2025, '{"languages":["C++","Python","Fortran","Java"],"tools":["CESAR","DARWIN","APOLLO3","MCNP","SAP"],"platforms":["MELOX MOX","Georges Besse II"],"cloud":["OVHcloud","Azure"],"methodologies":["ISO 19443","INB regulations","ASN requirements","IAEA safeguards"]}', 1, 'https://www.linkedin.com/company/orano/', '330956871', NULL, 'active', 'enriched', 90, 'hot', 1776520000, 1776520000, 1776520000);

INSERT INTO news (id, company_id, source_id, title, summary, category, source_url, report_key, sentiment, relevance_score, published_at, extracted_at, created_at)
VALUES ('nnuc0002-0001-4000-a000-000000000001', 'nuc10002-ora1-4000-a000-000000000002', '00238d74-63da-4b37-88cb-ff4357db7e13', 'Orano invests EUR 1.7B to expand Georges Besse II enrichment capacity for EPR2 fuel demand', 'Major capex to add 30% enrichment capacity at Tricastin site to meet demand from 14 planned EPR2 reactors plus export contracts. New centrifuge cascades operational by 2030.', 'investment', 'https://www.orano.group/press/gbesseii-expansion-2025', NULL, 'positive', 9, 1776000000, 1776100000, 1776520000);
INSERT INTO news (id, company_id, source_id, title, summary, category, source_url, report_key, sentiment, relevance_score, published_at, extracted_at, created_at)
VALUES ('nnuc0002-0002-4000-a000-000000000002', 'nuc10002-ora1-4000-a000-000000000002', '00238d74-63da-4b37-88cb-ff4357db7e13', 'Orano La Hague begins construction of new vitrification facility for high-level waste', 'EUR 2B facility to replace aging R7/T7 vitrification lines, using advanced cold-crucible melter technology. 500+ engineering positions to fill over 5-year construction.', 'expansion', 'https://www.orano.group/press/la-hague-vitrification-2025', NULL, 'positive', 9, 1775900000, 1776100000, 1776520000);
INSERT INTO news (id, company_id, source_id, title, summary, category, source_url, report_key, sentiment, relevance_score, published_at, extracted_at, created_at)
VALUES ('nnuc0002-0003-4000-a000-000000000003', 'nuc10002-ora1-4000-a000-000000000002', '00238d74-63da-4b37-88cb-ff4357db7e13', 'Orano wins EUR 800M MOX fuel fabrication contract for Japanese utilities post-Rokkasho delays', 'MELOX plant in Marcoule secures decade-long MOX supply agreement with Japanese consortium as Rokkasho reprocessing plant faces further delays. Validates French recycling leadership.', 'contract', 'https://www.orano.group/press/japan-mox-contract-2025', NULL, 'positive', 8, 1775800000, 1776100000, 1776520000);

INSERT INTO prospect_scores (id, company_id, sector_alignment, naf_code_match, company_size, rd_department_size, geographic_proximity, regional_specialization, company_maturity, organizational_structure, revenue_growth_gap, rd_spending_trend, capex_spikes, capex_to_opex_shift, recent_funding, public_grants, margin_compression, hiring_freeze_with_projects, external_spend_in_financials, engineering_job_volume, stale_job_postings, repeated_repostings, contract_freelance_language, rare_skills_demand, emerging_tech_demand, high_turnover_signals, recruiter_hiring_wave, above_market_salaries, physical_expansion, new_product_launch, platform_migration, program_milestones, digital_transformation, erp_plm_migration, cloud_migration, strategic_partnerships, leadership_change, ma_activity, existing_consulting_usage, legacy_modernization, tech_debt_indicators, cybersecurity_gaps, industry_specific_software, iot_industry4_adoption, eu_regulatory_pressure, french_defense_budget, certification_needs, major_contract_won, crisis_event, industry_event_presence, total_score, score_label, scored_at, created_at, updated_at)
VALUES ('pnuc0002-ora1-4000-a000-000000000002', 'nuc10002-ora1-4000-a000-000000000002', 95, 88, 85, 90, 80, 88, 95, 78, 82, 85, 90, 68, 55, 80, 62, 48, 80, 92, 78, 82, 75, 92, 85, 58, 88, 75, 90, 88, 75, 90, 75, 68, 60, 85, 50, 55, 88, 80, 72, 85, 92, 75, 92, 85, 90, 88, 28, 82, 90, 'hot', 1776520000, 1776520000, 1776520000);

-- ─── COMPANY 3: Technicatome ─────────────────────────────────────────────────
INSERT INTO companies (id, name, domain, description, sector, subsector, location_city, location_country, employee_count, revenue_eur, revenue_year, tech_stack, uses_consulting_services, linkedin_url, siren, logo_url, status, enrichment_status, prospect_score, prospect_band, scored_at, created_at, updated_at)
VALUES ('nuc10003-tec1-4000-a000-000000000003', 'Technicatome', 'technicatome.com', 'Designer and integrator of nuclear propulsion reactors for French Navy submarines (Barracuda/Suffren class, SNLE 3G) and aircraft carrier (PA-NG). Also developing compact SMR designs for civil applications. Subsidiary of CEA and Naval Group.', 'Nuclear', 'Naval Nuclear Propulsion & SMR', 'Aix-en-Provence', 'France', 4500, 1200000000, 2025, '{"languages":["Ada","C","C++","Python","Fortran"],"tools":["CATHARE","TRIPOLI","APOLLO","FLICA","CAST3M"],"platforms":["K15 Reactor","RES compact reactor"],"cloud":["Sovereign Cloud","Thales S3NS"],"methodologies":["IEC 61513","RCC-M","DO-178C equivalent","Secret Defense clearance"]}', 1, 'https://www.linkedin.com/company/technicatome/', '382903044', NULL, 'active', 'enriched', 88, 'hot', 1776520000, 1776520000, 1776520000);

INSERT INTO news (id, company_id, source_id, title, summary, category, source_url, report_key, sentiment, relevance_score, published_at, extracted_at, created_at)
VALUES ('nnuc0003-0001-4000-a000-000000000001', 'nuc10003-tec1-4000-a000-000000000003', '00238d74-63da-4b37-88cb-ff4357db7e13', 'Technicatome awarded EUR 3B SNLE 3G nuclear propulsion contract by French MoD', 'French Defense Ministry confirms Technicatome as prime contractor for next-generation SSBN propulsion system. New reactor design to power 4 submarines replacing Le Triomphant class from 2035.', 'contract', 'https://www.technicatome.com/press/snle3g-propulsion-contract', NULL, 'positive', 10, 1776000000, 1776100000, 1776520000);
INSERT INTO news (id, company_id, source_id, title, summary, category, source_url, report_key, sentiment, relevance_score, published_at, extracted_at, created_at)
VALUES ('nnuc0003-0002-4000-a000-000000000002', 'nuc10003-tec1-4000-a000-000000000003', '00238d74-63da-4b37-88cb-ff4357db7e13', 'Technicatome unveils civil SMR design targeting 170 MWe for industrial heat and power', 'New compact PWR design leveraging decades of naval reactor expertise. Pre-licensing discussions with ASN initiated. Potential deployment at industrial sites by 2035.', 'technology', 'https://www.technicatome.com/press/civil-smr-design-2025', NULL, 'positive', 9, 1775900000, 1776100000, 1776520000);
INSERT INTO news (id, company_id, source_id, title, summary, category, source_url, report_key, sentiment, relevance_score, published_at, extracted_at, created_at)
VALUES ('nnuc0003-0003-4000-a000-000000000003', 'nuc10003-tec1-4000-a000-000000000003', '00238d74-63da-4b37-88cb-ff4357db7e13', 'Technicatome recruits 600 cleared engineers for Suffren-class reactor commissioning', 'Active hiring for nuclear safety, thermohydraulics, and neutronic engineers with Secret Defense clearance for submarine reactor testing at Cadarache and Cherbourg.', 'hiring', 'https://www.technicatome.com/press/suffren-recruitment-2025', NULL, 'positive', 9, 1775800000, 1776100000, 1776520000);

INSERT INTO prospect_scores (id, company_id, sector_alignment, naf_code_match, company_size, rd_department_size, geographic_proximity, regional_specialization, company_maturity, organizational_structure, revenue_growth_gap, rd_spending_trend, capex_spikes, capex_to_opex_shift, recent_funding, public_grants, margin_compression, hiring_freeze_with_projects, external_spend_in_financials, engineering_job_volume, stale_job_postings, repeated_repostings, contract_freelance_language, rare_skills_demand, emerging_tech_demand, high_turnover_signals, recruiter_hiring_wave, above_market_salaries, physical_expansion, new_product_launch, platform_migration, program_milestones, digital_transformation, erp_plm_migration, cloud_migration, strategic_partnerships, leadership_change, ma_activity, existing_consulting_usage, legacy_modernization, tech_debt_indicators, cybersecurity_gaps, industry_specific_software, iot_industry4_adoption, eu_regulatory_pressure, french_defense_budget, certification_needs, major_contract_won, crisis_event, industry_event_presence, total_score, score_label, scored_at, created_at, updated_at)
VALUES ('pnuc0003-tec1-4000-a000-000000000003', 'nuc10003-tec1-4000-a000-000000000003', 95, 85, 75, 90, 82, 88, 90, 82, 75, 90, 85, 60, 70, 90, 55, 50, 78, 88, 82, 85, 80, 95, 90, 50, 85, 82, 75, 92, 78, 95, 72, 65, 55, 90, 60, 45, 85, 70, 65, 88, 92, 72, 88, 85, 90, 90, 25, 78, 88, 'hot', 1776520000, 1776520000, 1776520000);

-- ─── COMPANY 4: EDF Nucleaire ────────────────────────────────────────────────
INSERT INTO companies (id, name, domain, description, sector, subsector, location_city, location_country, employee_count, revenue_eur, revenue_year, tech_stack, uses_consulting_services, linkedin_url, siren, logo_url, status, enrichment_status, prospect_score, prospect_band, scored_at, created_at, updated_at)
VALUES ('nuc10004-edf1-4000-a000-000000000004', 'EDF Nucleaire', 'edf.fr', 'Operates 56 nuclear reactors (900 MWe, 1300 MWe, N4 series) across 18 sites in France, generating 65% of national electricity. Leading EUR 55B Grand Carenage life extension program and building 6 EPR2 reactors. Also building Hinkley Point C EPR in UK.', 'Nuclear', 'Nuclear Power Generation & Operations', 'Paris', 'France', 42000, 28000000000, 2025, '{"languages":["C++","Java","Python","MATLAB","PLC"],"tools":["CATHARE","COCCINELLE","KRT","SIPA","SAP S/4HANA"],"platforms":["PALUEL","FLAMANVILLE EPR","EPR2"],"cloud":["Orange Business Cloud","Azure"],"methodologies":["ASN INB regulations","IEC 61513","WANO guidelines","ISO 19443"]}', 1, 'https://www.linkedin.com/company/edf/', '552081317', NULL, 'active', 'enriched', 95, 'hot', 1776520000, 1776520000, 1776520000);

INSERT INTO news (id, company_id, source_id, title, summary, category, source_url, report_key, sentiment, relevance_score, published_at, extracted_at, created_at)
VALUES ('nnuc0004-0001-4000-a000-000000000001', 'nuc10004-edf1-4000-a000-000000000004', '00238d74-63da-4b37-88cb-ff4357db7e13', 'EDF launches EUR 55B Grand Carenage Phase 2: life extension to 60 years for 32 reactors', 'Massive industrial program to extend 1300 MWe fleet beyond 40-year lifetime. Includes seismic reinforcement, I&C modernization, steam generator replacement. ASN conditional authorization granted.', 'investment', 'https://www.edf.fr/press/grand-carenage-phase2-2025', NULL, 'positive', 10, 1776100000, 1776200000, 1776520000);
INSERT INTO news (id, company_id, source_id, title, summary, category, source_url, report_key, sentiment, relevance_score, published_at, extracted_at, created_at)
VALUES ('nnuc0004-0002-4000-a000-000000000002', 'nuc10004-edf1-4000-a000-000000000004', '00238d74-63da-4b37-88cb-ff4357db7e13', 'Hinkley Point C Unit 1 hot functional testing begins, commercial operation 2027', 'First EPR reactor in UK reaches major milestone. Lessons learned feed directly into EPR2 design simplification. Over 25000 workers on site during peak construction.', 'milestone', 'https://www.edf.fr/press/hinkley-point-c-hft-2025', NULL, 'positive', 9, 1776000000, 1776200000, 1776520000);
INSERT INTO news (id, company_id, source_id, title, summary, category, source_url, report_key, sentiment, relevance_score, published_at, extracted_at, created_at)
VALUES ('nnuc0004-0003-4000-a000-000000000003', 'nuc10004-edf1-4000-a000-000000000004', '00238d74-63da-4b37-88cb-ff4357db7e13', 'EDF plans to hire 3000 nuclear engineers annually through 2035 for EPR2 and Grand Carenage', 'Unprecedented recruitment wave across reactor engineering, safety analysis, project management, and digital transformation. Partnership with 15 engineering schools for specialized nuclear masters programs.', 'hiring', 'https://www.edf.fr/press/nuclear-recruitment-plan-2025', NULL, 'positive', 10, 1775900000, 1776200000, 1776520000);
INSERT INTO news (id, company_id, source_id, title, summary, category, source_url, report_key, sentiment, relevance_score, published_at, extracted_at, created_at)
VALUES ('nnuc0004-0004-4000-a000-000000000004', 'nuc10004-edf1-4000-a000-000000000004', '00238d74-63da-4b37-88cb-ff4357db7e13', 'ASN approves EPR2 preliminary safety case, clearing path for Penly construction permit', 'French nuclear regulator validates simplified EPR2 design safety demonstration. Construction license expected mid-2026. First concrete pour targeted late 2026.', 'regulatory', 'https://www.edf.fr/press/epr2-asn-safety-approval', NULL, 'positive', 9, 1775800000, 1776200000, 1776520000);

INSERT INTO prospect_scores (id, company_id, sector_alignment, naf_code_match, company_size, rd_department_size, geographic_proximity, regional_specialization, company_maturity, organizational_structure, revenue_growth_gap, rd_spending_trend, capex_spikes, capex_to_opex_shift, recent_funding, public_grants, margin_compression, hiring_freeze_with_projects, external_spend_in_financials, engineering_job_volume, stale_job_postings, repeated_repostings, contract_freelance_language, rare_skills_demand, emerging_tech_demand, high_turnover_signals, recruiter_hiring_wave, above_market_salaries, physical_expansion, new_product_launch, platform_migration, program_milestones, digital_transformation, erp_plm_migration, cloud_migration, strategic_partnerships, leadership_change, ma_activity, existing_consulting_usage, legacy_modernization, tech_debt_indicators, cybersecurity_gaps, industry_specific_software, iot_industry4_adoption, eu_regulatory_pressure, french_defense_budget, certification_needs, major_contract_won, crisis_event, industry_event_presence, total_score, score_label, scored_at, created_at, updated_at)
VALUES ('pnuc0004-edf1-4000-a000-000000000004', 'nuc10004-edf1-4000-a000-000000000004', 95, 92, 95, 90, 90, 88, 95, 85, 80, 85, 95, 70, 45, 82, 65, 42, 88, 95, 85, 88, 82, 90, 85, 60, 92, 80, 92, 95, 82, 95, 85, 78, 72, 90, 60, 65, 92, 78, 72, 80, 95, 82, 92, 85, 90, 95, 35, 90, 95, 'hot', 1776520000, 1776520000, 1776520000);

-- ─── COMPANY 5: Assystem Nuclear ─────────────────────────────────────────────
INSERT INTO companies (id, name, domain, description, sector, subsector, location_city, location_country, employee_count, revenue_eur, revenue_year, tech_stack, uses_consulting_services, linkedin_url, siren, logo_url, status, enrichment_status, prospect_score, prospect_band, scored_at, created_at, updated_at)
VALUES ('nuc10005-ass1-4000-a000-000000000005', 'Assystem Nuclear', 'assystem.com', 'Independent nuclear engineering consultancy. Project owner support (AMO) for EPR2, Grand Carenage, Hinkley Point C, ITER. Specialist in nuclear safety studies, licensing, and project management. 65% of revenue from nuclear sector.', 'Nuclear', 'Nuclear Engineering Consulting', 'Paris', 'France', 7500, 590000000, 2025, '{"languages":["Python","MATLAB","C++","Java"],"tools":["CATHARE","TRIPOLI","ANSYS","AutoCAD","Revit","AVEVA E3D"],"platforms":["EPR2 design support","ITER tokamak"],"cloud":["Azure","AWS"],"methodologies":["ISO 19443","RCC-M","IEC 61513","PRINCE2","PMI"]}', 1, 'https://www.linkedin.com/company/assystem/', '412076937', NULL, 'active', 'enriched', 85, 'hot', 1776520000, 1776520000, 1776520000);

INSERT INTO news (id, company_id, source_id, title, summary, category, source_url, report_key, sentiment, relevance_score, published_at, extracted_at, created_at)
VALUES ('nnuc0005-0001-4000-a000-000000000001', 'nuc10005-ass1-4000-a000-000000000005', '00238d74-63da-4b37-88cb-ff4357db7e13', 'Assystem wins EUR 200M EPR2 owner engineer contract for Penly and Gravelines sites', 'Selected as primary AMO (Assistance a Maitrise Ouvrage) for EDF on first 6 EPR2 units. Scope includes safety case review, construction oversight, and commissioning support.', 'contract', 'https://www.assystem.com/press/epr2-amo-contract-2025', NULL, 'positive', 9, 1776000000, 1776100000, 1776520000);
INSERT INTO news (id, company_id, source_id, title, summary, category, source_url, report_key, sentiment, relevance_score, published_at, extracted_at, created_at)
VALUES ('nnuc0005-0002-4000-a000-000000000002', 'nuc10005-ass1-4000-a000-000000000005', '00238d74-63da-4b37-88cb-ff4357db7e13', 'Assystem expands ITER engineering support with 300 additional engineers at Cadarache', 'Reinforces fusion reactor engineering team for ITER assembly phase. Specialists in nuclear safety, seismic analysis, and superconducting magnet systems.', 'expansion', 'https://www.assystem.com/press/iter-expansion-2025', NULL, 'positive', 8, 1775900000, 1776100000, 1776520000);
INSERT INTO news (id, company_id, source_id, title, summary, category, source_url, report_key, sentiment, relevance_score, published_at, extracted_at, created_at)
VALUES ('nnuc0005-0003-4000-a000-000000000003', 'nuc10005-ass1-4000-a000-000000000005', '00238d74-63da-4b37-88cb-ff4357db7e13', 'Assystem acquires UK nuclear safety consultancy to support Sizewell C and Hinkley Point C', 'Strategic acquisition strengthens cross-Channel nuclear capability. Combined entity becomes largest independent nuclear engineering firm in Europe with 3000+ nuclear specialists.', 'acquisition', 'https://www.assystem.com/press/uk-nuclear-acquisition-2025', NULL, 'positive', 8, 1775800000, 1776100000, 1776520000);

INSERT INTO prospect_scores (id, company_id, sector_alignment, naf_code_match, company_size, rd_department_size, geographic_proximity, regional_specialization, company_maturity, organizational_structure, revenue_growth_gap, rd_spending_trend, capex_spikes, capex_to_opex_shift, recent_funding, public_grants, margin_compression, hiring_freeze_with_projects, external_spend_in_financials, engineering_job_volume, stale_job_postings, repeated_repostings, contract_freelance_language, rare_skills_demand, emerging_tech_demand, high_turnover_signals, recruiter_hiring_wave, above_market_salaries, physical_expansion, new_product_launch, platform_migration, program_milestones, digital_transformation, erp_plm_migration, cloud_migration, strategic_partnerships, leadership_change, ma_activity, existing_consulting_usage, legacy_modernization, tech_debt_indicators, cybersecurity_gaps, industry_specific_software, iot_industry4_adoption, eu_regulatory_pressure, french_defense_budget, certification_needs, major_contract_won, crisis_event, industry_event_presence, total_score, score_label, scored_at, created_at, updated_at)
VALUES ('pnuc0005-ass1-4000-a000-000000000005', 'nuc10005-ass1-4000-a000-000000000005', 95, 88, 78, 82, 90, 85, 88, 75, 80, 78, 72, 70, 48, 70, 58, 52, 85, 88, 82, 85, 82, 90, 82, 62, 85, 72, 68, 80, 72, 88, 78, 72, 65, 82, 55, 75, 88, 68, 62, 78, 88, 70, 90, 85, 90, 85, 28, 80, 85, 'hot', 1776520000, 1776520000, 1776520000);

-- ─── COMPANY 6: Egis Nuclear ─────────────────────────────────────────────────
INSERT INTO companies (id, name, domain, description, sector, subsector, location_city, location_country, employee_count, revenue_eur, revenue_year, tech_stack, uses_consulting_services, linkedin_url, siren, logo_url, status, enrichment_status, prospect_score, prospect_band, scored_at, created_at, updated_at)
VALUES ('nuc10006-egi1-4000-a000-000000000006', 'Egis Nuclear', 'egis-group.com', 'Nuclear division of Egis Group (Caisse des Depots subsidiary). Specialist in nuclear civil engineering, seismic qualification, structural analysis, and environmental impact studies for EPR2 and Grand Carenage sites. Also active in decommissioning.', 'Nuclear', 'Nuclear Civil Engineering & Safety', 'Montreuil', 'France', 2200, 420000000, 2025, '{"languages":["Python","MATLAB","C++","Fortran"],"tools":["ANSYS","Abaqus","CAST3M","Code_Aster","ROBOT","Revit"],"platforms":["BIM for Nuclear","AVEVA E3D"],"cloud":["Azure","OVHcloud"],"methodologies":["Eurocode 8 nuclear","RCC-G","ASN seismic guide","ISO 19443"]}', 1, 'https://www.linkedin.com/company/egis/', '702027031', NULL, 'active', 'enriched', 82, 'hot', 1776520000, 1776520000, 1776520000);

INSERT INTO news (id, company_id, source_id, title, summary, category, source_url, report_key, sentiment, relevance_score, published_at, extracted_at, created_at)
VALUES ('nnuc0006-0001-4000-a000-000000000001', 'nuc10006-egi1-4000-a000-000000000006', '00238d74-63da-4b37-88cb-ff4357db7e13', 'Egis wins seismic qualification studies for EPR2 Penly site civil works', 'Selected for critical seismic analysis and soil-structure interaction studies for first EPR2 nuclear island. Contract spans 5 years through construction phase.', 'contract', 'https://www.egis-group.com/press/epr2-penly-seismic-2025', NULL, 'positive', 8, 1776000000, 1776100000, 1776520000);
INSERT INTO news (id, company_id, source_id, title, summary, category, source_url, report_key, sentiment, relevance_score, published_at, extracted_at, created_at)
VALUES ('nnuc0006-0002-4000-a000-000000000002', 'nuc10006-egi1-4000-a000-000000000006', '00238d74-63da-4b37-88cb-ff4357db7e13', 'Egis Nuclear deploys BIM for Nuclear methodology across Grand Carenage renovation sites', 'Pioneering digital twin approach for nuclear facility renovation using BIM adapted to nuclear constraints (radiation mapping, safety zoning). Deployed at Tricastin and Gravelines.', 'technology', 'https://www.egis-group.com/press/bim-nuclear-grand-carenage', NULL, 'positive', 7, 1775900000, 1776100000, 1776520000);
INSERT INTO news (id, company_id, source_id, title, summary, category, source_url, report_key, sentiment, relevance_score, published_at, extracted_at, created_at)
VALUES ('nnuc0006-0003-4000-a000-000000000003', 'nuc10006-egi1-4000-a000-000000000006', '00238d74-63da-4b37-88cb-ff4357db7e13', 'Egis appointed environmental impact lead for Andra Cigeo deep geological repository', 'Multi-year contract for environmental monitoring and impact assessment for Frances high-level nuclear waste repository in Meuse/Haute-Marne.', 'contract', 'https://www.egis-group.com/press/cigeo-environmental-2025', NULL, 'positive', 8, 1775800000, 1776100000, 1776520000);

INSERT INTO prospect_scores (id, company_id, sector_alignment, naf_code_match, company_size, rd_department_size, geographic_proximity, regional_specialization, company_maturity, organizational_structure, revenue_growth_gap, rd_spending_trend, capex_spikes, capex_to_opex_shift, recent_funding, public_grants, margin_compression, hiring_freeze_with_projects, external_spend_in_financials, engineering_job_volume, stale_job_postings, repeated_repostings, contract_freelance_language, rare_skills_demand, emerging_tech_demand, high_turnover_signals, recruiter_hiring_wave, above_market_salaries, physical_expansion, new_product_launch, platform_migration, program_milestones, digital_transformation, erp_plm_migration, cloud_migration, strategic_partnerships, leadership_change, ma_activity, existing_consulting_usage, legacy_modernization, tech_debt_indicators, cybersecurity_gaps, industry_specific_software, iot_industry4_adoption, eu_regulatory_pressure, french_defense_budget, certification_needs, major_contract_won, crisis_event, industry_event_presence, total_score, score_label, scored_at, created_at, updated_at)
VALUES ('pnuc0006-egi1-4000-a000-000000000006', 'nuc10006-egi1-4000-a000-000000000006', 95, 85, 72, 78, 88, 82, 85, 72, 75, 75, 70, 68, 42, 75, 55, 48, 80, 82, 78, 80, 78, 85, 80, 55, 80, 70, 72, 78, 70, 85, 80, 75, 68, 78, 50, 52, 85, 65, 60, 75, 85, 72, 88, 85, 90, 82, 25, 75, 82, 'hot', 1776520000, 1776520000, 1776520000);

-- ─── COMPANY 7: Nuvia (Vinci Energies Nuclear) ──────────────────────────────
INSERT INTO companies (id, name, domain, description, sector, subsector, location_city, location_country, employee_count, revenue_eur, revenue_year, tech_stack, uses_consulting_services, linkedin_url, siren, logo_url, status, enrichment_status, prospect_score, prospect_band, scored_at, created_at, updated_at)
VALUES ('nuc10007-nuv1-4000-a000-000000000007', 'Nuvia (Vinci Energies Nuclear)', 'vinci-energies.com', 'Nuclear services division of Vinci Energies (formerly Nuvia, acquired 2017). Specialist in radiation protection, decontamination, waste management, and nuclear facility maintenance. Active on Grand Carenage outages and decommissioning projects across France and UK.', 'Nuclear', 'Nuclear Services & Decommissioning', 'Aix-en-Provence', 'France', 5500, 780000000, 2025, '{"languages":["Python","C#","Java","LabVIEW"],"tools":["MCNP","GEANT4","FLUKA","CANBERRA","AutoCAD"],"platforms":["Radiation monitoring IoT","Dosimetry systems"],"cloud":["Azure","Private Cloud"],"methodologies":["ALARA principles","ASN regulations","ISO 19443","CEFRI certification"]}', 1, 'https://www.linkedin.com/company/vinci-energies/', '442043696', NULL, 'active', 'enriched', 80, 'hot', 1776520000, 1776520000, 1776520000);

INSERT INTO news (id, company_id, source_id, title, summary, category, source_url, report_key, sentiment, relevance_score, published_at, extracted_at, created_at)
VALUES ('nnuc0007-0001-4000-a000-000000000001', 'nuc10007-nuv1-4000-a000-000000000007', '00238d74-63da-4b37-88cb-ff4357db7e13', 'Nuvia/Vinci Energies wins EUR 350M decommissioning contract for Fessenheim nuclear plant', 'Major decommissioning scope including primary circuit decontamination, asbestos removal, and waste conditioning for Frances first permanently closed nuclear power station.', 'contract', 'https://www.vinci-energies.com/press/fessenheim-decommissioning-2025', NULL, 'positive', 9, 1776000000, 1776100000, 1776520000);
INSERT INTO news (id, company_id, source_id, title, summary, category, source_url, report_key, sentiment, relevance_score, published_at, extracted_at, created_at)
VALUES ('nnuc0007-0002-4000-a000-000000000002', 'nuc10007-nuv1-4000-a000-000000000007', '00238d74-63da-4b37-88cb-ff4357db7e13', 'Nuvia deploys robotic decontamination system at Sellafield, reducing worker dose by 90%', 'Innovative teleoperated robot for high-dose-rate cell decontamination proven at UK Sellafield site. Technology transfer to French decommissioning projects underway.', 'technology', 'https://www.vinci-energies.com/press/nuvia-sellafield-robotics', NULL, 'positive', 8, 1775900000, 1776100000, 1776520000);
INSERT INTO news (id, company_id, source_id, title, summary, category, source_url, report_key, sentiment, relevance_score, published_at, extracted_at, created_at)
VALUES ('nnuc0007-0003-4000-a000-000000000003', 'nuc10007-nuv1-4000-a000-000000000007', '00238d74-63da-4b37-88cb-ff4357db7e13', 'Vinci Energies Nuclear division reaches 5500 employees, hiring 800 radiation protection specialists', 'Rapid growth driven by Grand Carenage outage workload and new decommissioning projects. Targeting CEFRI-certified technicians and health physics engineers.', 'hiring', 'https://www.vinci-energies.com/press/nuclear-hiring-2025', NULL, 'positive', 8, 1775800000, 1776100000, 1776520000);

INSERT INTO prospect_scores (id, company_id, sector_alignment, naf_code_match, company_size, rd_department_size, geographic_proximity, regional_specialization, company_maturity, organizational_structure, revenue_growth_gap, rd_spending_trend, capex_spikes, capex_to_opex_shift, recent_funding, public_grants, margin_compression, hiring_freeze_with_projects, external_spend_in_financials, engineering_job_volume, stale_job_postings, repeated_repostings, contract_freelance_language, rare_skills_demand, emerging_tech_demand, high_turnover_signals, recruiter_hiring_wave, above_market_salaries, physical_expansion, new_product_launch, platform_migration, program_milestones, digital_transformation, erp_plm_migration, cloud_migration, strategic_partnerships, leadership_change, ma_activity, existing_consulting_usage, legacy_modernization, tech_debt_indicators, cybersecurity_gaps, industry_specific_software, iot_industry4_adoption, eu_regulatory_pressure, french_defense_budget, certification_needs, major_contract_won, crisis_event, industry_event_presence, total_score, score_label, scored_at, created_at, updated_at)
VALUES ('pnuc0007-nuv1-4000-a000-000000000007', 'nuc10007-nuv1-4000-a000-000000000007', 95, 85, 78, 75, 82, 85, 82, 75, 78, 72, 68, 72, 55, 68, 58, 55, 82, 85, 80, 82, 80, 88, 78, 60, 82, 72, 78, 75, 68, 82, 72, 65, 58, 80, 48, 65, 82, 72, 68, 72, 85, 75, 90, 85, 90, 85, 30, 78, 80, 'hot', 1776520000, 1776520000, 1776520000);

-- ─── COMPANY 8: IRSN ─────────────────────────────────────────────────────────
INSERT INTO companies (id, name, domain, description, sector, subsector, location_city, location_country, employee_count, revenue_eur, revenue_year, tech_stack, uses_consulting_services, linkedin_url, siren, logo_url, status, enrichment_status, prospect_score, prospect_band, scored_at, created_at, updated_at)
VALUES ('nuc10008-irs1-4000-a000-000000000008', 'IRSN', 'irsn.fr', 'Institut de Radioprotection et de Surete Nucleaire. Frances public expert body for nuclear safety and radiation protection research. Merged into ASN in 2025 per Loi AMRN. Conducts safety assessments, severe accident research (PHEBUS, CABRI), and environmental monitoring.', 'Nuclear', 'Nuclear Safety Research & Assessment', 'Fontenay-aux-Roses', 'France', 1800, 310000000, 2025, '{"languages":["Fortran","C++","Python","R"],"tools":["ASTEC","SCANAIR","SOPHIA","TRIPOLI","MC-DOSE"],"platforms":["CABRI reactor","PHEBUS facility","Environmental monitoring network"],"cloud":["OVHcloud","GENCI HPC"],"methodologies":["IAEA safety standards","ASN regulatory framework","WENRA guidelines","ISO 17025"]}', 1, 'https://www.linkedin.com/company/irsn/', '440546609', NULL, 'active', 'enriched', 78, 'hot', 1776520000, 1776520000, 1776520000);

INSERT INTO news (id, company_id, source_id, title, summary, category, source_url, report_key, sentiment, relevance_score, published_at, extracted_at, created_at)
VALUES ('nnuc0008-0001-4000-a000-000000000001', 'nuc10008-irs1-4000-a000-000000000008', '00238d74-63da-4b37-88cb-ff4357db7e13', 'IRSN-ASN merger creates unified French nuclear safety authority with 2500 staff', 'Historic reorganization merges technical assessment (IRSN) and regulatory decision (ASN) functions. Major IT systems integration and organizational restructuring underway.', 'regulatory', 'https://www.irsn.fr/press/asn-irsn-merger-2025', NULL, 'neutral', 9, 1776000000, 1776100000, 1776520000);
INSERT INTO news (id, company_id, source_id, title, summary, category, source_url, report_key, sentiment, relevance_score, published_at, extracted_at, created_at)
VALUES ('nnuc0008-0002-4000-a000-000000000002', 'nuc10008-irs1-4000-a000-000000000008', '00238d74-63da-4b37-88cb-ff4357db7e13', 'IRSN launches ASTEC 3.0 severe accident simulation code for EPR2 safety assessment', 'Next-generation integral code for simulating severe accidents (core meltdown, containment behavior). Used by 30+ countries for nuclear safety analysis.', 'technology', 'https://www.irsn.fr/press/astec-3-launch-2025', NULL, 'positive', 8, 1775900000, 1776100000, 1776520000);
INSERT INTO news (id, company_id, source_id, title, summary, category, source_url, report_key, sentiment, relevance_score, published_at, extracted_at, created_at)
VALUES ('nnuc0008-0003-4000-a000-000000000003', 'nuc10008-irs1-4000-a000-000000000008', '00238d74-63da-4b37-88cb-ff4357db7e13', 'IRSN recruits 200 safety analysts for accelerated EPR2 and SMR licensing reviews', 'Expanding workforce to handle simultaneous safety reviews of EPR2, Nuward SMR, and 60-year life extension cases. Expertise in thermohydraulics, neutronics, and PRA needed.', 'hiring', 'https://www.irsn.fr/press/epr2-smr-recruitment-2025', NULL, 'positive', 8, 1775800000, 1776100000, 1776520000);

INSERT INTO prospect_scores (id, company_id, sector_alignment, naf_code_match, company_size, rd_department_size, geographic_proximity, regional_specialization, company_maturity, organizational_structure, revenue_growth_gap, rd_spending_trend, capex_spikes, capex_to_opex_shift, recent_funding, public_grants, margin_compression, hiring_freeze_with_projects, external_spend_in_financials, engineering_job_volume, stale_job_postings, repeated_repostings, contract_freelance_language, rare_skills_demand, emerging_tech_demand, high_turnover_signals, recruiter_hiring_wave, above_market_salaries, physical_expansion, new_product_launch, platform_migration, program_milestones, digital_transformation, erp_plm_migration, cloud_migration, strategic_partnerships, leadership_change, ma_activity, existing_consulting_usage, legacy_modernization, tech_debt_indicators, cybersecurity_gaps, industry_specific_software, iot_industry4_adoption, eu_regulatory_pressure, french_defense_budget, certification_needs, major_contract_won, crisis_event, industry_event_presence, total_score, score_label, scored_at, created_at, updated_at)
VALUES ('pnuc0008-irs1-4000-a000-000000000008', 'nuc10008-irs1-4000-a000-000000000008', 95, 82, 68, 88, 85, 80, 92, 70, 65, 82, 55, 60, 80, 90, 50, 55, 72, 82, 75, 78, 72, 92, 85, 48, 78, 65, 55, 72, 85, 78, 82, 78, 62, 55, 70, 80, 72, 58, 55, 80, 92, 68, 95, 85, 90, 70, 20, 82, 78, 'hot', 1776520000, 1776520000, 1776520000);

-- ─── COMPANY 9: Andra ────────────────────────────────────────────────────────
INSERT INTO companies (id, name, domain, description, sector, subsector, location_city, location_country, employee_count, revenue_eur, revenue_year, tech_stack, uses_consulting_services, linkedin_url, siren, logo_url, status, enrichment_status, prospect_score, prospect_band, scored_at, created_at, updated_at)
VALUES ('nuc10009-and1-4000-a000-000000000009', 'Andra', 'andra.fr', 'Agence nationale pour la gestion des dechets radioactifs. Manages Frances radioactive waste disposal: surface repositories (CSA, Cires) and building Cigeo deep geological repository for high-level waste in Meuse/Haute-Marne. EUR 25B+ project over 100 years.', 'Nuclear', 'Nuclear Waste Management', 'Chatenay-Malabry', 'France', 900, 250000000, 2025, '{"languages":["Python","C++","Fortran","R"],"tools":["TOUGH2","COMSOL","Code_Aster","FEFLOW","GIS"],"platforms":["Cigeo underground lab","CSA monitoring"],"cloud":["OVHcloud","Azure"],"methodologies":["ASN waste safety guide","IAEA GSR Part 5","ISO 19443","Environmental monitoring"]}', 1, 'https://www.linkedin.com/company/andra/', '389325392', NULL, 'active', 'enriched', 82, 'hot', 1776520000, 1776520000, 1776520000);

INSERT INTO news (id, company_id, source_id, title, summary, category, source_url, report_key, sentiment, relevance_score, published_at, extracted_at, created_at)
VALUES ('nnuc0009-0001-4000-a000-000000000001', 'nuc10009-and1-4000-a000-000000000009', '00238d74-63da-4b37-88cb-ff4357db7e13', 'Andra receives Cigeo construction authorization: EUR 25B deep geological repository begins', 'Historic milestone as French government grants DAC (Declaration dUtilite Publique) for Cigeo. Underground repository at 500m depth in Callovo-Oxfordian clay. Construction of pilot phase through 2035.', 'regulatory', 'https://www.andra.fr/press/cigeo-construction-authorization-2025', NULL, 'positive', 10, 1776000000, 1776100000, 1776520000);
INSERT INTO news (id, company_id, source_id, title, summary, category, source_url, report_key, sentiment, relevance_score, published_at, extracted_at, created_at)
VALUES ('nnuc0009-0002-4000-a000-000000000002', 'nuc10009-and1-4000-a000-000000000009', '00238d74-63da-4b37-88cb-ff4357db7e13', 'Andra launches EUR 2B civil works tender for Cigeo underground galleries and shafts', 'Major construction contracts for 130 km of underground galleries, 8 shafts, and surface facilities. Over 2000 construction and engineering jobs created in Meuse region.', 'investment', 'https://www.andra.fr/press/cigeo-civil-works-tender-2025', NULL, 'positive', 9, 1775900000, 1776100000, 1776520000);
INSERT INTO news (id, company_id, source_id, title, summary, category, source_url, report_key, sentiment, relevance_score, published_at, extracted_at, created_at)
VALUES ('nnuc0009-0003-4000-a000-000000000003', 'nuc10009-and1-4000-a000-000000000009', '00238d74-63da-4b37-88cb-ff4357db7e13', 'Andra digitalizes waste traceability with blockchain-based tracking system for 1.5M waste packages', 'Innovative digital platform for cradle-to-grave tracking of radioactive waste packages across all French nuclear sites. Ensures 100-year traceability required by ASN.', 'technology', 'https://www.andra.fr/press/blockchain-waste-tracking-2025', NULL, 'positive', 7, 1775800000, 1776100000, 1776520000);

INSERT INTO prospect_scores (id, company_id, sector_alignment, naf_code_match, company_size, rd_department_size, geographic_proximity, regional_specialization, company_maturity, organizational_structure, revenue_growth_gap, rd_spending_trend, capex_spikes, capex_to_opex_shift, recent_funding, public_grants, margin_compression, hiring_freeze_with_projects, external_spend_in_financials, engineering_job_volume, stale_job_postings, repeated_repostings, contract_freelance_language, rare_skills_demand, emerging_tech_demand, high_turnover_signals, recruiter_hiring_wave, above_market_salaries, physical_expansion, new_product_launch, platform_migration, program_milestones, digital_transformation, erp_plm_migration, cloud_migration, strategic_partnerships, leadership_change, ma_activity, existing_consulting_usage, legacy_modernization, tech_debt_indicators, cybersecurity_gaps, industry_specific_software, iot_industry4_adoption, eu_regulatory_pressure, french_defense_budget, certification_needs, major_contract_won, crisis_event, industry_event_presence, total_score, score_label, scored_at, created_at, updated_at)
VALUES ('pnuc0009-and1-4000-a000-000000000009', 'nuc10009-and1-4000-a000-000000000009', 95, 82, 65, 80, 70, 78, 85, 72, 72, 78, 90, 55, 85, 92, 48, 45, 75, 78, 72, 75, 70, 88, 82, 45, 75, 62, 92, 80, 78, 90, 80, 72, 65, 82, 45, 40, 80, 68, 62, 78, 88, 70, 92, 85, 90, 78, 22, 80, 82, 'hot', 1776520000, 1776520000, 1776520000);

-- ─── COMPANY 10: GE Steam Power (Belfort) ────────────────────────────────────
INSERT INTO companies (id, name, domain, description, sector, subsector, location_city, location_country, employee_count, revenue_eur, revenue_year, tech_stack, uses_consulting_services, linkedin_url, siren, logo_url, status, enrichment_status, prospect_score, prospect_band, scored_at, created_at, updated_at)
VALUES ('nuc10010-ges1-4000-a000-000000000010', 'GE Steam Power (Belfort)', 'ge.com/steam-power', 'Designs and manufactures Arabelle steam turbines for nuclear power plants from Belfort factory. Arabelle equips all French 1300 MWe and N4 reactors, plus EPR (Flamanville, Hinkley Point C, Taishan). EDF acquired GE Steam Power nuclear turbine business in 2024.', 'Nuclear', 'Nuclear Turbine Island Equipment', 'Belfort', 'France', 3200, 1500000000, 2025, '{"languages":["C++","Python","MATLAB","Fortran"],"tools":["ANSYS","Siemens NX","Teamcenter PLM","SAP","LabVIEW"],"platforms":["Arabelle turbine","GIGATOP generators"],"cloud":["Azure","GE Predix"],"methodologies":["RCC-M","ASME BPVC","ISO 19443","Six Sigma"]}', 1, 'https://www.linkedin.com/company/ge-steam-power/', '380466631', NULL, 'active', 'enriched', 86, 'hot', 1776520000, 1776520000, 1776520000);

INSERT INTO news (id, company_id, source_id, title, summary, category, source_url, report_key, sentiment, relevance_score, published_at, extracted_at, created_at)
VALUES ('nnuc0010-0001-4000-a000-000000000001', 'nuc10010-ges1-4000-a000-000000000010', '00238d74-63da-4b37-88cb-ff4357db7e13', 'EDF completes acquisition of GE Steam Power nuclear turbine business, Arabelle returns to French control', 'Strategic repatriation of Arabelle turbine technology. Belfort factory now under EDF subsidiary. EUR 1.2B deal secures supply chain for EPR2 turbine islands.', 'acquisition', 'https://www.ge.com/press/edf-arabelle-acquisition-2025', NULL, 'positive', 10, 1776100000, 1776200000, 1776520000);
INSERT INTO news (id, company_id, source_id, title, summary, category, source_url, report_key, sentiment, relevance_score, published_at, extracted_at, created_at)
VALUES ('nnuc0010-0002-4000-a000-000000000002', 'nuc10010-ges1-4000-a000-000000000010', '00238d74-63da-4b37-88cb-ff4357db7e13', 'Arabelle turbine delivered for Hinkley Point C Unit 1: largest nuclear turbine ever built', 'World-record 1770 MWe half-speed turbine shipped from Belfort to Somerset. Last-stage blades exceed 2 meters. Second unit in production for HPC Unit 2.', 'milestone', 'https://www.ge.com/press/arabelle-hinkley-delivery-2025', NULL, 'positive', 9, 1776000000, 1776200000, 1776520000);
INSERT INTO news (id, company_id, source_id, title, summary, category, source_url, report_key, sentiment, relevance_score, published_at, extracted_at, created_at)
VALUES ('nnuc0010-0003-4000-a000-000000000003', 'nuc10010-ges1-4000-a000-000000000010', '00238d74-63da-4b37-88cb-ff4357db7e13', 'Belfort turbine factory launches EUR 300M modernization for EPR2 Arabelle production line', 'Major plant upgrade including new machining centers, digital twin manufacturing, and automated welding. Targets 2 turbine sets per year from 2029 for French EPR2 program.', 'investment', 'https://www.ge.com/press/belfort-modernization-epr2', NULL, 'positive', 9, 1775900000, 1776200000, 1776520000);
INSERT INTO news (id, company_id, source_id, title, summary, category, source_url, report_key, sentiment, relevance_score, published_at, extracted_at, created_at)
VALUES ('nnuc0010-0004-4000-a000-000000000004', 'nuc10010-ges1-4000-a000-000000000010', '00238d74-63da-4b37-88cb-ff4357db7e13', 'GE Steam Power Belfort recruits 500 engineers for nuclear turbine digital twin and predictive maintenance', 'Hiring wave for mechanical engineers, data scientists, and control systems specialists. Focus on Arabelle digital twin for predictive maintenance across global fleet of 150+ installed units.', 'hiring', 'https://www.ge.com/press/belfort-recruitment-digital-twin', NULL, 'positive', 8, 1775800000, 1776200000, 1776520000);

INSERT INTO prospect_scores (id, company_id, sector_alignment, naf_code_match, company_size, rd_department_size, geographic_proximity, regional_specialization, company_maturity, organizational_structure, revenue_growth_gap, rd_spending_trend, capex_spikes, capex_to_opex_shift, recent_funding, public_grants, margin_compression, hiring_freeze_with_projects, external_spend_in_financials, engineering_job_volume, stale_job_postings, repeated_repostings, contract_freelance_language, rare_skills_demand, emerging_tech_demand, high_turnover_signals, recruiter_hiring_wave, above_market_salaries, physical_expansion, new_product_launch, platform_migration, program_milestones, digital_transformation, erp_plm_migration, cloud_migration, strategic_partnerships, leadership_change, ma_activity, existing_consulting_usage, legacy_modernization, tech_debt_indicators, cybersecurity_gaps, industry_specific_software, iot_industry4_adoption, eu_regulatory_pressure, french_defense_budget, certification_needs, major_contract_won, crisis_event, industry_event_presence, total_score, score_label, scored_at, created_at, updated_at)
VALUES ('pnuc0010-ges1-4000-a000-000000000010', 'nuc10010-ges1-4000-a000-000000000010', 95, 88, 78, 85, 75, 82, 88, 78, 80, 82, 92, 68, 55, 72, 60, 48, 82, 88, 78, 82, 78, 88, 85, 58, 85, 75, 90, 85, 82, 92, 82, 78, 72, 88, 65, 80, 85, 72, 68, 78, 90, 78, 88, 85, 90, 88, 30, 82, 86, 'hot', 1776520000, 1776520000, 1776520000);
