-- ============================================================
-- SEED: 5 French Telecom/IT Companies
-- ============================================================

-- ============================================================
-- 1. COMPANIES
-- ============================================================

-- Orange SA
INSERT INTO companies (id, name, domain, description, sector, subsector, location_city, location_country, employee_count, revenue_eur, revenue_year, tech_stack, uses_consulting_services, linkedin_url, siren, status, enrichment_status, last_enriched_at, created_at, updated_at, prospect_score, prospect_band, scored_at)
VALUES ('t1c0e1a1-1111-4f00-a100-000000000001', 'Orange SA', 'orange.com', 'Leading French multinational telecommunications corporation. Operates mobile, fixed-line, broadband and enterprise IT services across Europe, Africa and the Middle East.', 'Telecoms', 'Mobile & Fixed Telecom', 'Paris', 'France', 136000, 43500000000, 2024, '["5G NR","FTTH/GPON","SDN/NFV","Kubernetes","OpenStack","AWS","Azure","Kafka","Elasticsearch","Python","Java","Go","Terraform","Ansible","Prometheus","Grafana"]', 1, 'https://www.linkedin.com/company/orange/', '380129866', 'active', 'enriched', 1776520000, 1776520000, 1776520000, 72, 'qualified', 1776520000);

-- Bouygues Telecom
INSERT INTO companies (id, name, domain, description, sector, subsector, location_city, location_country, employee_count, revenue_eur, revenue_year, tech_stack, uses_consulting_services, linkedin_url, siren, status, enrichment_status, last_enriched_at, created_at, updated_at, prospect_score, prospect_band, scored_at)
VALUES ('t1c0e1a1-2222-4f00-a200-000000000002', 'Bouygues Telecom', 'bouyguestelecom.fr', 'Major French mobile phone, internet and IPTV operator. Third-largest mobile operator in France with aggressive 5G rollout strategy and B2B enterprise solutions.', 'Telecoms', 'Mobile & Fixed Telecom', 'Meudon', 'France', 10500, 7800000000, 2024, '["5G SA/NSA","FTTH","Wi-Fi 6E","VMware","Red Hat OpenShift","GCP","Hadoop","Spark","React","Node.js","Python","Docker","Jenkins","Datadog"]', 1, 'https://www.linkedin.com/company/bouygues-telecom/', '397480930', 'active', 'enriched', 1776520000, 1776520000, 1776520000, 65, 'warm', 1776520000);

-- Atos SE
INSERT INTO companies (id, name, domain, description, sector, subsector, location_city, location_country, employee_count, revenue_eur, revenue_year, tech_stack, uses_consulting_services, linkedin_url, siren, status, enrichment_status, last_enriched_at, created_at, updated_at, prospect_score, prospect_band, scored_at)
VALUES ('t1c0e1a1-3333-4f00-a300-000000000003', 'Atos SE', 'atos.net', 'French multinational IT services and consulting company. Specializes in cybersecurity, cloud, HPC and decarbonization. Undergoing major financial restructuring since 2023.', 'IT Services', 'IT Consulting & Services', 'Bezons', 'France', 82000, 10700000000, 2024, '["BullSequana HPC","Evidian IAM","Azure","AWS","SAP S/4HANA","ServiceNow","Splunk","Palo Alto","CrowdStrike","Java","Python","C++","Kubernetes","OpenShift","Terraform"]', 1, 'https://www.linkedin.com/company/atos/', '323623603', 'active', 'enriched', 1776520000, 1776520000, 1776520000, 58, 'warm', 1776520000);

-- Sopra Steria
INSERT INTO companies (id, name, domain, description, sector, subsector, location_city, location_country, employee_count, revenue_eur, revenue_year, tech_stack, uses_consulting_services, linkedin_url, siren, status, enrichment_status, last_enriched_at, created_at, updated_at, prospect_score, prospect_band, scored_at)
VALUES ('t1c0e1a1-4444-4f00-a400-000000000004', 'Sopra Steria Group', 'soprasteria.com', 'Major European IT services and software company. Strong presence in digital transformation, cybersecurity, and sovereign cloud solutions for defense and government clients.', 'IT Services', 'IT Consulting & Services', 'Paris', 'France', 56000, 5800000000, 2024, '["AWS","Azure","GCP","SAP","Salesforce","Java","Spring Boot",".NET","Angular","React","DevOps","Kubernetes","Terraform","Power BI","Talend","Sopra Banking Platform"]', 1, 'https://www.linkedin.com/company/soprasteria/', '326820065', 'active', 'enriched', 1776520000, 1776520000, 1776520000, 70, 'qualified', 1776520000);

-- Capgemini
INSERT INTO companies (id, name, domain, description, sector, subsector, location_city, location_country, employee_count, revenue_eur, revenue_year, tech_stack, uses_consulting_services, linkedin_url, siren, status, enrichment_status, last_enriched_at, created_at, updated_at, prospect_score, prospect_band, scored_at)
VALUES ('t1c0e1a1-5555-4f00-a500-000000000005', 'Capgemini SE', 'capgemini.com', 'Global leader in consulting, technology services and digital transformation. Headquartered in Paris, one of the largest IT services firms worldwide with deep expertise in AI, cloud and intelligent industry.', 'IT Services', 'IT Consulting & Services', 'Paris', 'France', 340000, 22500000000, 2024, '["AWS","Azure","GCP","SAP S/4HANA","Salesforce","Pega","ServiceNow","Java","Python","React","Angular","Kubernetes","Terraform","Snowflake","Databricks","MLflow","TensorFlow"]', 1, 'https://www.linkedin.com/company/capgemini/', '330703844', 'active', 'enriched', 1776520000, 1776520000, 1776520000, 76, 'qualified', 1776520000);

-- ============================================================
-- 2. NEWS
-- ============================================================

-- Orange news (5 items)
INSERT INTO news (id, company_id, source_id, title, summary, category, source_url, sentiment, relevance_score, published_at, extracted_at, created_at)
VALUES ('d1e0f1a1-0001-4f00-b100-100000000001', 't1c0e1a1-1111-4f00-a100-000000000001', '00238d74-63da-4b37-88cb-ff4357db7e13', 'Orange accelerates 5G SA deployment across France with Open RAN trials', 'Orange has launched standalone 5G network trials in major French cities, partnering with Nokia and Ericsson for Open RAN integration. The deployment targets 75% population coverage by end of 2026.', '5g_deployment', 'https://www.orange.com/en/press/2025/5g-sa-open-ran-france', 'positive', 8, 1774000000, 1776520000, 1776520000);

INSERT INTO news (id, company_id, source_id, title, summary, category, source_url, sentiment, relevance_score, published_at, extracted_at, created_at)
VALUES ('d1e0f1a1-0002-4f00-b100-100000000002', 't1c0e1a1-1111-4f00-a100-000000000001', '00238d74-63da-4b37-88cb-ff4357db7e13', 'Orange Business launches sovereign cloud platform for European enterprises', 'Orange Business has unveiled a new sovereign cloud offering built on OpenStack, targeting public sector and critical infrastructure clients requiring GDPR-compliant data residency.', 'cloud_migration', 'https://www.orange-business.com/en/press/2025/sovereign-cloud-europe', 'positive', 7, 1773500000, 1776520000, 1776520000);

INSERT INTO news (id, company_id, source_id, title, summary, category, source_url, sentiment, relevance_score, published_at, extracted_at, created_at)
VALUES ('d1e0f1a1-0003-4f00-b100-100000000003', 't1c0e1a1-1111-4f00-a100-000000000001', '00238d74-63da-4b37-88cb-ff4357db7e13', 'Orange Cyberdefense expands SOC operations to counter rising cyber threats', 'Orange Cyberdefense reported a 35% increase in managed detection incidents in 2024, prompting expansion of its Security Operations Centers in France and Belgium.', 'cybersecurity', 'https://www.orangecyberdefense.com/press/2025/soc-expansion', 'neutral', 7, 1772800000, 1776520000, 1776520000);

INSERT INTO news (id, company_id, source_id, title, summary, category, source_url, sentiment, relevance_score, published_at, extracted_at, created_at)
VALUES ('d1e0f1a1-0004-4f00-b100-100000000004', 't1c0e1a1-1111-4f00-a100-000000000001', '00238d74-63da-4b37-88cb-ff4357db7e13', 'Orange invests EUR 500M in AI-driven network automation and digital services', 'CEO Christel Heydemann announced a major investment in AI capabilities for predictive network maintenance, customer experience optimization, and enterprise digital services.', 'digital_transformation', 'https://www.orange.com/en/press/2025/ai-network-investment', 'positive', 6, 1771500000, 1776520000, 1776520000);

INSERT INTO news (id, company_id, source_id, title, summary, category, source_url, sentiment, relevance_score, published_at, extracted_at, created_at)
VALUES ('d1e0f1a1-0005-4f00-b100-100000000005', 't1c0e1a1-1111-4f00-a100-000000000001', '00238d74-63da-4b37-88cb-ff4357db7e13', 'Orange restructures enterprise division with 1200 role realignment across Europe', 'Orange Business is undergoing organizational restructuring, consolidating its consulting and integration units while shifting workforce toward cloud and cybersecurity competencies.', 'restructuring', 'https://www.orange.com/en/press/2025/enterprise-restructuring', 'negative', 6, 1770000000, 1776520000, 1776520000);

-- Bouygues Telecom news (4 items)
INSERT INTO news (id, company_id, source_id, title, summary, category, source_url, sentiment, relevance_score, published_at, extracted_at, created_at)
VALUES ('d1e0f1a1-0006-4f00-b200-200000000001', 't1c0e1a1-2222-4f00-a200-000000000002', '00238d74-63da-4b37-88cb-ff4357db7e13', 'Bouygues Telecom reaches 5G coverage milestone with 80 percent urban deployment', 'Bouygues Telecom has achieved 5G coverage across 80% of urban areas in France, leveraging its 3.5 GHz spectrum allocation and dense small-cell deployments.', '5g_deployment', 'https://www.bouyguestelecom.fr/presse/2025/5g-couverture-urbaine', 'positive', 7, 1774200000, 1776520000, 1776520000);

INSERT INTO news (id, company_id, source_id, title, summary, category, source_url, sentiment, relevance_score, published_at, extracted_at, created_at)
VALUES ('d1e0f1a1-0007-4f00-b200-200000000002', 't1c0e1a1-2222-4f00-a200-000000000002', '00238d74-63da-4b37-88cb-ff4357db7e13', 'Bouygues Telecom Entreprises migrates core BSS to Google Cloud', 'Bouygues Telecom enterprise unit has completed migration of its billing and customer management systems to GCP, improving scalability and reducing infrastructure costs by 30%.', 'cloud_migration', 'https://www.bouyguestelecom.fr/presse/2025/bss-cloud-migration', 'positive', 6, 1773000000, 1776520000, 1776520000);

INSERT INTO news (id, company_id, source_id, title, summary, category, source_url, sentiment, relevance_score, published_at, extracted_at, created_at)
VALUES ('d1e0f1a1-0008-4f00-b200-200000000003', 't1c0e1a1-2222-4f00-a200-000000000002', '00238d74-63da-4b37-88cb-ff4357db7e13', 'Bouygues Telecom launches managed cybersecurity service for SMEs', 'New B2B offering provides SOC-as-a-service and endpoint detection for French SMEs, addressing the growing gap in cybersecurity capacity for mid-market companies.', 'cybersecurity', 'https://www.bouyguestelecom.fr/presse/2025/cybersecurite-pme', 'positive', 5, 1772000000, 1776520000, 1776520000);

INSERT INTO news (id, company_id, source_id, title, summary, category, source_url, sentiment, relevance_score, published_at, extracted_at, created_at)
VALUES ('d1e0f1a1-0009-4f00-b200-200000000004', 't1c0e1a1-2222-4f00-a200-000000000002', '00238d74-63da-4b37-88cb-ff4357db7e13', 'Bouygues Telecom accelerates FTTH rollout with EUR 1B fiber investment plan', 'Parent group Bouygues committed EUR 1 billion over 3 years to accelerate fiber-to-the-home deployment in rural and semi-urban areas, targeting 35 million premises by 2027.', 'digital_transformation', 'https://www.bouyguestelecom.fr/presse/2025/ftth-investissement', 'positive', 6, 1771000000, 1776520000, 1776520000);

-- Atos news (5 items)
INSERT INTO news (id, company_id, source_id, title, summary, category, source_url, sentiment, relevance_score, published_at, extracted_at, created_at)
VALUES ('d1e0f1a1-0010-4f00-b300-300000000001', 't1c0e1a1-3333-4f00-a300-000000000003', '00238d74-63da-4b37-88cb-ff4357db7e13', 'Atos completes financial restructuring with EUR 3.1B debt reduction', 'Atos SE has finalized its court-supervised restructuring plan, reducing net debt from EUR 4.8B to EUR 1.7B through debt-to-equity conversion and asset disposals.', 'restructuring', 'https://atos.net/en/press/2025/restructuring-completion', 'neutral', 8, 1774500000, 1776520000, 1776520000);

INSERT INTO news (id, company_id, source_id, title, summary, category, source_url, sentiment, relevance_score, published_at, extracted_at, created_at)
VALUES ('d1e0f1a1-0011-4f00-b300-300000000002', 't1c0e1a1-3333-4f00-a300-000000000003', '00238d74-63da-4b37-88cb-ff4357db7e13', 'Atos secures EUR 700M French defense cybersecurity contract', 'Atos Eviden division won a multi-year contract from the French Ministry of Defense for sovereign cybersecurity infrastructure, including quantum-resistant encryption deployment.', 'cybersecurity', 'https://atos.net/en/press/2025/defense-cybersecurity-contract', 'positive', 8, 1773800000, 1776520000, 1776520000);

INSERT INTO news (id, company_id, source_id, title, summary, category, source_url, sentiment, relevance_score, published_at, extracted_at, created_at)
VALUES ('d1e0f1a1-0012-4f00-b300-300000000003', 't1c0e1a1-3333-4f00-a300-000000000003', '00238d74-63da-4b37-88cb-ff4357db7e13', 'Atos Eviden delivers next-generation BullSequana exascale supercomputer', 'Atos delivered its BullSequana XH3000 exascale-class system to GENCI, reinforcing Frances position in high-performance computing for scientific research and AI workloads.', 'digital_transformation', 'https://atos.net/en/press/2025/bullsequana-exascale-genci', 'positive', 7, 1772500000, 1776520000, 1776520000);

INSERT INTO news (id, company_id, source_id, title, summary, category, source_url, sentiment, relevance_score, published_at, extracted_at, created_at)
VALUES ('d1e0f1a1-0013-4f00-b300-300000000004', 't1c0e1a1-3333-4f00-a300-000000000003', '00238d74-63da-4b37-88cb-ff4357db7e13', 'Atos Tech Foundations migrates 200+ enterprise clients to hybrid cloud', 'The Tech Foundations division completed large-scale hybrid cloud migrations for over 200 enterprise clients, leveraging partnerships with AWS, Azure and its OneCloud platform.', 'cloud_migration', 'https://atos.net/en/press/2025/hybrid-cloud-migrations', 'positive', 6, 1771200000, 1776520000, 1776520000);

INSERT INTO news (id, company_id, source_id, title, summary, category, source_url, sentiment, relevance_score, published_at, extracted_at, created_at)
VALUES ('d1e0f1a1-0014-4f00-b300-300000000005', 't1c0e1a1-3333-4f00-a300-000000000003', '00238d74-63da-4b37-88cb-ff4357db7e13', 'Atos announces 5G private network platform for industrial clients', 'Atos launched a turnkey 5G private network solution targeting manufacturing and logistics sectors, combining edge computing with its cybersecurity expertise.', '5g_deployment', 'https://atos.net/en/press/2025/5g-private-networks', 'positive', 5, 1770500000, 1776520000, 1776520000);

-- Sopra Steria news (4 items)
INSERT INTO news (id, company_id, source_id, title, summary, category, source_url, sentiment, relevance_score, published_at, extracted_at, created_at)
VALUES ('d1e0f1a1-0015-4f00-b400-400000000001', 't1c0e1a1-4444-4f00-a400-000000000004', '00238d74-63da-4b37-88cb-ff4357db7e13', 'Sopra Steria wins EUR 400M digital transformation contract with French public administration', 'Sopra Steria secured a major multi-year contract to modernize IT systems for several French government ministries, including cloud migration and citizen-facing digital services.', 'digital_transformation', 'https://www.soprasteria.com/press/2025/french-gov-digital-transformation', 'positive', 8, 1774100000, 1776520000, 1776520000);

INSERT INTO news (id, company_id, source_id, title, summary, category, source_url, sentiment, relevance_score, published_at, extracted_at, created_at)
VALUES ('d1e0f1a1-0016-4f00-b400-400000000002', 't1c0e1a1-4444-4f00-a400-000000000004', '00238d74-63da-4b37-88cb-ff4357db7e13', 'Sopra Steria expands sovereign cloud capabilities with SecNumCloud qualification', 'Sopra Steria obtained ANSSI SecNumCloud certification for its managed cloud platform, positioning it as a key provider for sensitive government and defense workloads in France.', 'cloud_migration', 'https://www.soprasteria.com/press/2025/secnumcloud-certification', 'positive', 7, 1773200000, 1776520000, 1776520000);

INSERT INTO news (id, company_id, source_id, title, summary, category, source_url, sentiment, relevance_score, published_at, extracted_at, created_at)
VALUES ('d1e0f1a1-0017-4f00-b400-400000000003', 't1c0e1a1-4444-4f00-a400-000000000004', '00238d74-63da-4b37-88cb-ff4357db7e13', 'Sopra Steria launches AI-powered cybersecurity monitoring for banking sector', 'New managed detection and response service combines Sopra Sterias banking expertise with ML-driven threat detection, targeting PSD2 and DORA compliance requirements.', 'cybersecurity', 'https://www.soprasteria.com/press/2025/ai-cybersecurity-banking', 'positive', 6, 1772300000, 1776520000, 1776520000);

INSERT INTO news (id, company_id, source_id, title, summary, category, source_url, sentiment, relevance_score, published_at, extracted_at, created_at)
VALUES ('d1e0f1a1-0018-4f00-b400-400000000004', 't1c0e1a1-4444-4f00-a400-000000000004', '00238d74-63da-4b37-88cb-ff4357db7e13', 'Sopra Steria acquires UK-based cloud consultancy to strengthen European delivery', 'Strategic acquisition of a 350-person cloud-native consultancy, expanding Sopra Sterias Kubernetes and multi-cloud expertise across UK and Northern European markets.', 'restructuring', 'https://www.soprasteria.com/press/2025/uk-cloud-acquisition', 'positive', 5, 1771500000, 1776520000, 1776520000);

-- Capgemini news (5 items)
INSERT INTO news (id, company_id, source_id, title, summary, category, source_url, sentiment, relevance_score, published_at, extracted_at, created_at)
VALUES ('d1e0f1a1-0019-4f00-b500-500000000001', 't1c0e1a1-5555-4f00-a500-000000000005', '00238d74-63da-4b37-88cb-ff4357db7e13', 'Capgemini deploys private 5G networks for European automotive manufacturers', 'Capgemini Intelligent Industry unit delivered private 5G network solutions to three major European car manufacturers, enabling real-time digital twin and IoT connectivity on factory floors.', '5g_deployment', 'https://www.capgemini.com/press/2025/5g-automotive-manufacturing', 'positive', 7, 1774300000, 1776520000, 1776520000);

INSERT INTO news (id, company_id, source_id, title, summary, category, source_url, sentiment, relevance_score, published_at, extracted_at, created_at)
VALUES ('d1e0f1a1-0020-4f00-b500-500000000002', 't1c0e1a1-5555-4f00-a500-000000000005', '00238d74-63da-4b37-88cb-ff4357db7e13', 'Capgemini launches EUR 2B cloud transformation practice with hyperscaler partnerships', 'Capgemini announced a dedicated EUR 2 billion cloud business unit, deepening partnerships with AWS, Azure and GCP to accelerate enterprise cloud-native transformations across Europe.', 'cloud_migration', 'https://www.capgemini.com/press/2025/cloud-transformation-practice', 'positive', 8, 1773600000, 1776520000, 1776520000);

INSERT INTO news (id, company_id, source_id, title, summary, category, source_url, sentiment, relevance_score, published_at, extracted_at, created_at)
VALUES ('d1e0f1a1-0021-4f00-b500-500000000003', 't1c0e1a1-5555-4f00-a500-000000000005', '00238d74-63da-4b37-88cb-ff4357db7e13', 'Capgemini acquires cybersecurity firm to bolster managed security services', 'Capgemini completed the acquisition of a 500-person European cybersecurity specialist, expanding its MSSP capabilities and NIS2 compliance advisory services.', 'cybersecurity', 'https://www.capgemini.com/press/2025/cybersecurity-acquisition', 'positive', 6, 1772600000, 1776520000, 1776520000);

INSERT INTO news (id, company_id, source_id, title, summary, category, source_url, sentiment, relevance_score, published_at, extracted_at, created_at)
VALUES ('d1e0f1a1-0022-4f00-b500-500000000004', 't1c0e1a1-5555-4f00-a500-000000000005', '00238d74-63da-4b37-88cb-ff4357db7e13', 'Capgemini rolls out generative AI platform across 340000 employees globally', 'CEO Aiman Ezzat unveiled an internal generative AI platform and committed to training all 340,000 employees on AI-augmented delivery, targeting 20% productivity gains by 2027.', 'digital_transformation', 'https://www.capgemini.com/press/2025/generative-ai-platform', 'positive', 7, 1771800000, 1776520000, 1776520000);

INSERT INTO news (id, company_id, source_id, title, summary, category, source_url, sentiment, relevance_score, published_at, extracted_at, created_at)
VALUES ('d1e0f1a1-0023-4f00-b500-500000000005', 't1c0e1a1-5555-4f00-a500-000000000005', '00238d74-63da-4b37-88cb-ff4357db7e13', 'Capgemini consolidates India operations with 3 delivery center mergers', 'Capgemini is restructuring its Indian delivery footprint, merging three regional centers into integrated hubs to improve margins and standardize service delivery processes.', 'restructuring', 'https://www.capgemini.com/press/2025/india-delivery-consolidation', 'neutral', 5, 1770800000, 1776520000, 1776520000);

-- ============================================================
-- 3. PROSPECT SCORES (50 criteria each)
-- ============================================================

-- Orange SA - prospect_scores
INSERT INTO prospect_scores (id, company_id, sector_alignment, naf_code_match, company_size, rd_department_size, geographic_proximity, regional_specialization, company_maturity, organizational_structure, revenue_growth_gap, rd_spending_trend, capex_spikes, capex_to_opex_shift, recent_funding, public_grants, margin_compression, hiring_freeze_with_projects, external_spend_in_financials, engineering_job_volume, stale_job_postings, repeated_repostings, contract_freelance_language, rare_skills_demand, emerging_tech_demand, high_turnover_signals, recruiter_hiring_wave, above_market_salaries, physical_expansion, new_product_launch, platform_migration, program_milestones, digital_transformation, erp_plm_migration, cloud_migration, strategic_partnerships, leadership_change, ma_activity, existing_consulting_usage, legacy_modernization, tech_debt_indicators, cybersecurity_gaps, industry_specific_software, iot_industry4_adoption, eu_regulatory_pressure, french_defense_budget, certification_needs, major_contract_won, crisis_event, industry_event_presence, total_score, score_label, scored_at, created_at, updated_at)
VALUES ('e1f0a1b1-0001-4f00-c100-000000000001', 't1c0e1a1-1111-4f00-a100-000000000001', 9, 9, 4, 8, 6, 5, 9, 7, 5, 8, 8, 7, 3, 6, 6, 4, 8, 7, 5, 4, 6, 8, 9, 5, 7, 6, 6, 8, 7, 7, 8, 5, 8, 9, 4, 6, 9, 7, 6, 5, 8, 8, 9, 7, 6, 8, 3, 8, 72, 'qualified', 1776520000, 1776520000, 1776520000);

-- Bouygues Telecom - prospect_scores
INSERT INTO prospect_scores (id, company_id, sector_alignment, naf_code_match, company_size, rd_department_size, geographic_proximity, regional_specialization, company_maturity, organizational_structure, revenue_growth_gap, rd_spending_trend, capex_spikes, capex_to_opex_shift, recent_funding, public_grants, margin_compression, hiring_freeze_with_projects, external_spend_in_financials, engineering_job_volume, stale_job_postings, repeated_repostings, contract_freelance_language, rare_skills_demand, emerging_tech_demand, high_turnover_signals, recruiter_hiring_wave, above_market_salaries, physical_expansion, new_product_launch, platform_migration, program_milestones, digital_transformation, erp_plm_migration, cloud_migration, strategic_partnerships, leadership_change, ma_activity, existing_consulting_usage, legacy_modernization, tech_debt_indicators, cybersecurity_gaps, industry_specific_software, iot_industry4_adoption, eu_regulatory_pressure, french_defense_budget, certification_needs, major_contract_won, crisis_event, industry_event_presence, total_score, score_label, scored_at, created_at, updated_at)
VALUES ('e1f0a1b1-0002-4f00-c200-000000000002', 't1c0e1a1-2222-4f00-a200-000000000002', 8, 8, 6, 6, 5, 4, 7, 6, 6, 7, 7, 6, 4, 5, 5, 3, 7, 6, 4, 5, 7, 7, 8, 4, 6, 5, 7, 7, 6, 6, 7, 4, 7, 6, 3, 4, 7, 6, 5, 6, 7, 6, 8, 3, 6, 5, 2, 7, 65, 'warm', 1776520000, 1776520000, 1776520000);

-- Atos SE - prospect_scores
INSERT INTO prospect_scores (id, company_id, sector_alignment, naf_code_match, company_size, rd_department_size, geographic_proximity, regional_specialization, company_maturity, organizational_structure, revenue_growth_gap, rd_spending_trend, capex_spikes, capex_to_opex_shift, recent_funding, public_grants, margin_compression, hiring_freeze_with_projects, external_spend_in_financials, engineering_job_volume, stale_job_postings, repeated_repostings, contract_freelance_language, rare_skills_demand, emerging_tech_demand, high_turnover_signals, recruiter_hiring_wave, above_market_salaries, physical_expansion, new_product_launch, platform_migration, program_milestones, digital_transformation, erp_plm_migration, cloud_migration, strategic_partnerships, leadership_change, ma_activity, existing_consulting_usage, legacy_modernization, tech_debt_indicators, cybersecurity_gaps, industry_specific_software, iot_industry4_adoption, eu_regulatory_pressure, french_defense_budget, certification_needs, major_contract_won, crisis_event, industry_event_presence, total_score, score_label, scored_at, created_at, updated_at)
VALUES ('e1f0a1b1-0003-4f00-c300-000000000003', 't1c0e1a1-3333-4f00-a300-000000000003', 8, 7, 5, 7, 6, 5, 8, 5, 3, 5, 4, 5, 2, 7, 8, 7, 6, 5, 6, 5, 8, 6, 7, 7, 4, 3, 3, 6, 5, 7, 6, 4, 6, 7, 8, 8, 8, 8, 7, 4, 7, 5, 7, 9, 8, 7, 8, 5, 58, 'warm', 1776520000, 1776520000, 1776520000);

-- Sopra Steria - prospect_scores
INSERT INTO prospect_scores (id, company_id, sector_alignment, naf_code_match, company_size, rd_department_size, geographic_proximity, regional_specialization, company_maturity, organizational_structure, revenue_growth_gap, rd_spending_trend, capex_spikes, capex_to_opex_shift, recent_funding, public_grants, margin_compression, hiring_freeze_with_projects, external_spend_in_financials, engineering_job_volume, stale_job_postings, repeated_repostings, contract_freelance_language, rare_skills_demand, emerging_tech_demand, high_turnover_signals, recruiter_hiring_wave, above_market_salaries, physical_expansion, new_product_launch, platform_migration, program_milestones, digital_transformation, erp_plm_migration, cloud_migration, strategic_partnerships, leadership_change, ma_activity, existing_consulting_usage, legacy_modernization, tech_debt_indicators, cybersecurity_gaps, industry_specific_software, iot_industry4_adoption, eu_regulatory_pressure, french_defense_budget, certification_needs, major_contract_won, crisis_event, industry_event_presence, total_score, score_label, scored_at, created_at, updated_at)
VALUES ('e1f0a1b1-0004-4f00-c400-000000000004', 't1c0e1a1-4444-4f00-a400-000000000004', 8, 8, 6, 7, 7, 6, 8, 7, 6, 7, 5, 6, 4, 6, 4, 3, 7, 7, 5, 4, 6, 7, 8, 4, 7, 5, 5, 7, 7, 7, 8, 5, 8, 7, 4, 6, 8, 6, 5, 5, 8, 5, 8, 8, 7, 7, 2, 7, 70, 'qualified', 1776520000, 1776520000, 1776520000);

-- Capgemini - prospect_scores
INSERT INTO prospect_scores (id, company_id, sector_alignment, naf_code_match, company_size, rd_department_size, geographic_proximity, regional_specialization, company_maturity, organizational_structure, revenue_growth_gap, rd_spending_trend, capex_spikes, capex_to_opex_shift, recent_funding, public_grants, margin_compression, hiring_freeze_with_projects, external_spend_in_financials, engineering_job_volume, stale_job_postings, repeated_repostings, contract_freelance_language, rare_skills_demand, emerging_tech_demand, high_turnover_signals, recruiter_hiring_wave, above_market_salaries, physical_expansion, new_product_launch, platform_migration, program_milestones, digital_transformation, erp_plm_migration, cloud_migration, strategic_partnerships, leadership_change, ma_activity, existing_consulting_usage, legacy_modernization, tech_debt_indicators, cybersecurity_gaps, industry_specific_software, iot_industry4_adoption, eu_regulatory_pressure, french_defense_budget, certification_needs, major_contract_won, crisis_event, industry_event_presence, total_score, score_label, scored_at, created_at, updated_at)
VALUES ('e1f0a1b1-0005-4f00-c500-000000000005', 't1c0e1a1-5555-4f00-a500-000000000005', 9, 9, 3, 8, 6, 5, 9, 8, 7, 8, 6, 7, 4, 5, 4, 3, 8, 8, 5, 4, 7, 8, 9, 5, 8, 7, 5, 8, 8, 8, 9, 6, 9, 8, 3, 7, 9, 6, 5, 4, 7, 6, 7, 6, 7, 8, 2, 8, 76, 'qualified', 1776520000, 1776520000, 1776520000);
